s00000001671069,https://okcaddie.net/course/abashiri_lakeside_golf_en
s00000001671069,https://okcaddie.net/course/abashiri_lakeside_golf_en?lang=ko
s00000001671069,https://okcaddie.net/course/abashiri_lakeside_golf_ja
s00000001671069,https://okcaddie.net/course/abashiri_lakeside_golf_ja?lang=ko
s00000001671069,https://okcaddie.net/course/abashiri_lakeside_golf_ko
s00000001671069,https://okcaddie.net/course/abashiri_lakeside_golf_ko?lang=ko
s00000001671069,https://okcaddie.net/course/abc_golf_club_en
s00000001671069,https://okcaddie.net/course/abc_golf_club_en?lang=ko
s00000001671069,https://okcaddie.net/course/abc_golf_club_ja
s00000001671069,https://okcaddie.net/course/abc_golf_club_ja?lang=ko
s00000001671069,https://okcaddie.net/course/abc_golf_club_ko
s00000001671069,https://okcaddie.net/course/abc_golf_club_ko?lang=ko
s00000001671069,https://okcaddie.net/course/abiko_golf_club_en
s00000001671069,https://okcaddie.net/course/abiko_golf_club_en?lang=ko
s00000001671069,https://okcaddie.net/course/abiko_golf_club_ja
s00000001671069,https://okcaddie.net/course/abiko_golf_club_ja?lang=ko
s00000001671069,https://okcaddie.net/course/abiko_golf_club_ko
s00000001671069,https://okcaddie.net/course/abiko_golf_club_ko?lang=ko
s00000001671069,https://okcaddie.net/course/accordia_golf_narita_airport_en
s00000001671069,https://okcaddie.net/course/accordia_golf_narita_airport_en?lang=ko
s00000001671069,https://okcaddie.net/course/accordia_golf_narita_airport_ja
s00000001671069,https://okcaddie.net/course/accordia_golf_narita_airport_ja?lang=ko
s00000001671069,https://okcaddie.net/course/accordia_golf_narita_airport_ko
s00000001671069,https://okcaddie.net/course/accordia_golf_narita_airport_ko?lang=ko
s00000001671069,https://okcaddie.net/course/aichi_country_club_en
s00000001671069,https://okcaddie.net/course/aichi_country_club_en?lang=ko
s00000001671069,https://okcaddie.net/course/aichi_country_club_ja
s00000001671069,https://okcaddie.net/course/aichi_country_club_ja?lang=ko
s00000001671069,https://okcaddie.net/course/aichi_country_club_ko
s00000001671069,https://okcaddie.net/course/aichi_country_club_ko?lang=ko
s00000001671069,https://okcaddie.net/course/akita_minami_golf_en
s00000001671069,https://okcaddie.net/course/akita_minami_golf_en?lang=ko
s00000001671069,https://okcaddie.net/course/akita_minami_golf_ja
s00000001671069,https://okcaddie.net/course/akita_minami_golf_ja?lang=ko
s00000001671069,https://okcaddie.net/course/akita_minami_golf_ko
s00000001671069,https://okcaddie.net/course/akita_minami_golf_ko?lang=ko
s00000001671069,https://okcaddie.net/course/alpine_golf_club_bangkok_en
s00000001671069,https://okcaddie.net/course/alpine_golf_club_bangkok_en?lang=ko
s00000001671069,https://okcaddie.net/course/alpine_golf_club_bangkok_ja
s00000001671069,https://okcaddie.net/course/alpine_golf_club_bangkok_ja?lang=ko
s00000001671069,https://okcaddie.net/course/alpine_golf_club_bangkok_ko
s00000001671069,https://okcaddie.net/course/alpine_golf_club_bangkok_ko?lang=ko
s00000001671069,https://okcaddie.net/course/aomori_country_club_en
s00000001671069,https://okcaddie.net/course/aomori_country_club_en?lang=ko
s00000001671069,https://okcaddie.net/course/aomori_country_club_ja
s00000001671069,https://okcaddie.net/course/aomori_country_club_ja?lang=ko
s00000001671069,https://okcaddie.net/course/aomori_country_club_ko
s00000001671069,https://okcaddie.net/course/aomori_country_club_ko?lang=ko
s00000001671069,https://okcaddie.net/course/appi_kogen_golf_club_en
s00000001671069,https://okcaddie.net/course/appi_kogen_golf_club_en?lang=ko
s00000001671069,https://okcaddie.net/course/appi_kogen_golf_club_ja
s00000001671069,https://okcaddie.net/course/appi_kogen_golf_club_ja?lang=ko
s00000001671069,https://okcaddie.net/course/appi_kogen_golf_club_ko
s00000001671069,https://okcaddie.net/course/appi_kogen_golf_club_ko?lang=ko
s00000001671069,https://okcaddie.net/course/arima_royal_golf_club_en
s00000001671069,https://okcaddie.net/course/arima_royal_golf_club_en?lang=ko
s00000001671069,https://okcaddie.net/course/arima_royal_golf_club_ja
s00000001671069,https://okcaddie.net/course/arima_royal_golf_club_ja?lang=ko
s00000001671069,https://okcaddie.net/course/arima_royal_golf_club_ko
s00000001671069,https://okcaddie.net/course/arima_royal_golf_club_ko?lang=ko
s00000001671069,https://okcaddie.net/course/asahikawa_kokusai_golf_en
s00000001671069,https://okcaddie.net/course/asahikawa_kokusai_golf_en?lang=ko
s00000001671069,https://okcaddie.net/course/asahikawa_kokusai_golf_ja
s00000001671069,https://okcaddie.net/course/asahikawa_kokusai_golf_ja?lang=ko
s00000001671069,https://okcaddie.net/course/asahikawa_kokusai_golf_ko
s00000001671069,https://okcaddie.net/course/asahikawa_kokusai_golf_ko?lang=ko
s00000001671069,https://okcaddie.net/course/ashinoko_country_club_en
s00000001671069,https://okcaddie.net/course/ashinoko_country_club_en?lang=ko
s00000001671069,https://okcaddie.net/course/ashinoko_country_club_ja
s00000001671069,https://okcaddie.net/course/ashinoko_country_club_ja?lang=ko
s00000001671069,https://okcaddie.net/course/ashinoko_country_club_ko
s00000001671069,https://okcaddie.net/course/ashinoko_country_club_ko?lang=ko
s00000001671069,https://okcaddie.net/course/aso_resort_grandvrio_en
s00000001671069,https://okcaddie.net/course/aso_resort_grandvrio_en?lang=ko
s00000001671069,https://okcaddie.net/course/aso_resort_grandvrio_ja
s00000001671069,https://okcaddie.net/course/aso_resort_grandvrio_ja?lang=ko
s00000001671069,https://okcaddie.net/course/aso_resort_grandvrio_ko
s00000001671069,https://okcaddie.net/course/aso_resort_grandvrio_ko?lang=ko
s00000001671069,https://okcaddie.net/course/aso_sky_blue_golf_club_en
s00000001671069,https://okcaddie.net/course/aso_sky_blue_golf_club_en?lang=ko
s00000001671069,https://okcaddie.net/course/aso_sky_blue_golf_club_ja
s00000001671069,https://okcaddie.net/course/aso_sky_blue_golf_club_ja?lang=ko
s00000001671069,https://okcaddie.net/course/aso_sky_blue_golf_club_ko
s00000001671069,https://okcaddie.net/course/aso_sky_blue_golf_club_ko?lang=ko
s00000001671069,https://okcaddie.net/course/atta_terrace_golf_resort_en
s00000001671069,https://okcaddie.net/course/atta_terrace_golf_resort_en?lang=ko
s00000001671069,https://okcaddie.net/course/atta_terrace_golf_resort_ja
s00000001671069,https://okcaddie.net/course/atta_terrace_golf_resort_ja?lang=ko
s00000001671069,https://okcaddie.net/course/atta_terrace_golf_resort_ko
s00000001671069,https://okcaddie.net/course/atta_terrace_golf_resort_ko?lang=ko
s00000001671069,https://okcaddie.net/course/banyan_tree_golf_club_en
s00000001671069,https://okcaddie.net/course/banyan_tree_golf_club_en?lang=ko
s00000001671069,https://okcaddie.net/course/banyan_tree_golf_club_ja
s00000001671069,https://okcaddie.net/course/banyan_tree_golf_club_ja?lang=ko
s00000001671069,https://okcaddie.net/course/banyan_tree_golf_club_ko
s00000001671069,https://okcaddie.net/course/banyan_tree_golf_club_ko?lang=ko
s00000001671069,https://okcaddie.net/course/beppu_golf_club_en
s00000001671069,https://okcaddie.net/course/beppu_golf_club_en?lang=ko
s00000001671069,https://okcaddie.net/course/beppu_golf_club_ja
s00000001671069,https://okcaddie.net/course/beppu_golf_club_ja?lang=ko
s00000001671069,https://okcaddie.net/course/beppu_golf_club_ko
s00000001671069,https://okcaddie.net/course/beppu_golf_club_ko?lang=ko
s00000001671069,https://okcaddie.net/course/bise_village_links_en
s00000001671069,https://okcaddie.net/course/bise_village_links_en?lang=ko
s00000001671069,https://okcaddie.net/course/bise_village_links_ja
s00000001671069,https://okcaddie.net/course/bise_village_links_ja?lang=ko
s00000001671069,https://okcaddie.net/course/bise_village_links_ko
s00000001671069,https://okcaddie.net/course/bise_village_links_ko?lang=ko
s00000001671069,https://okcaddie.net/course/brg_kings_island_golf_en
s00000001671069,https://okcaddie.net/course/brg_kings_island_golf_en?lang=ko
s00000001671069,https://okcaddie.net/course/brg_kings_island_golf_ja
s00000001671069,https://okcaddie.net/course/brg_kings_island_golf_ja?lang=ko
s00000001671069,https://okcaddie.net/course/brg_kings_island_golf_ko
s00000001671069,https://okcaddie.net/course/brg_kings_island_golf_ko?lang=ko
s00000001671069,https://okcaddie.net/course/caledonian_golf_club_en
s00000001671069,https://okcaddie.net/course/caledonian_golf_club_en?lang=ko
s00000001671069,https://okcaddie.net/course/caledonian_golf_club_ja
s00000001671069,https://okcaddie.net/course/caledonian_golf_club_ja?lang=ko
s00000001671069,https://okcaddie.net/course/caledonian_golf_club_ko
s00000001671069,https://okcaddie.net/course/caledonian_golf_club_ko?lang=ko
s00000001671069,https://okcaddie.net/course/camellia_hills_country_club_en
s00000001671069,https://okcaddie.net/course/camellia_hills_country_club_en?lang=ko
s00000001671069,https://okcaddie.net/course/camellia_hills_country_club_ja
s00000001671069,https://okcaddie.net/course/camellia_hills_country_club_ja?lang=ko
s00000001671069,https://okcaddie.net/course/camellia_hills_country_club_ko
s00000001671069,https://okcaddie.net/course/camellia_hills_country_club_ko?lang=ko
s00000001671069,https://okcaddie.net/course/cherry_hills_golf_club_en
s00000001671069,https://okcaddie.net/course/cherry_hills_golf_club_en?lang=ko
s00000001671069,https://okcaddie.net/course/cherry_hills_golf_club_ja
s00000001671069,https://okcaddie.net/course/cherry_hills_golf_club_ja?lang=ko
s00000001671069,https://okcaddie.net/course/cherry_hills_golf_club_ko
s00000001671069,https://okcaddie.net/course/cherry_hills_golf_club_ko?lang=ko
s00000001671069,https://okcaddie.net/course/cherry_hills_robert_trent_jones_en
s00000001671069,https://okcaddie.net/course/cherry_hills_robert_trent_jones_en?lang=ko
s00000001671069,https://okcaddie.net/course/cherry_hills_robert_trent_jones_ja
s00000001671069,https://okcaddie.net/course/cherry_hills_robert_trent_jones_ja?lang=ko
s00000001671069,https://okcaddie.net/course/cherry_hills_robert_trent_jones_ko
s00000001671069,https://okcaddie.net/course/cherry_hills_robert_trent_jones_ko?lang=ko
s00000001671069,https://okcaddie.net/course/chiba_country_club_umesato_en
s00000001671069,https://okcaddie.net/course/chiba_country_club_umesato_en?lang=ko
s00000001671069,https://okcaddie.net/course/chiba_country_club_umesato_ja
s00000001671069,https://okcaddie.net/course/chiba_country_club_umesato_ja?lang=ko
s00000001671069,https://okcaddie.net/course/chiba_country_club_umesato_ko
s00000001671069,https://okcaddie.net/course/chiba_country_club_umesato_ko?lang=ko
s00000001671069,https://okcaddie.net/course/chiran_country_club_en
s00000001671069,https://okcaddie.net/course/chiran_country_club_en?lang=ko
s00000001671069,https://okcaddie.net/course/chiran_country_club_ja
s00000001671069,https://okcaddie.net/course/chiran_country_club_ja?lang=ko
s00000001671069,https://okcaddie.net/course/chiran_country_club_ko
s00000001671069,https://okcaddie.net/course/chiran_country_club_ko?lang=ko
s00000001671069,https://okcaddie.net/course/chukyo_golf_club_en
s00000001671069,https://okcaddie.net/course/chukyo_golf_club_en?lang=ko
s00000001671069,https://okcaddie.net/course/chukyo_golf_club_ja
s00000001671069,https://okcaddie.net/course/chukyo_golf_club_ja?lang=ko
s00000001671069,https://okcaddie.net/course/chukyo_golf_club_ko
s00000001671069,https://okcaddie.net/course/chukyo_golf_club_ko?lang=ko
s00000001671069,https://okcaddie.net/course/eagle_point_golf_club_en
s00000001671069,https://okcaddie.net/course/eagle_point_golf_club_en?lang=ko
s00000001671069,https://okcaddie.net/course/eagle_point_golf_club_ja
s00000001671069,https://okcaddie.net/course/eagle_point_golf_club_ja?lang=ko
s00000001671069,https://okcaddie.net/course/eagle_point_golf_club_ko
s00000001671069,https://okcaddie.net/course/eagle_point_golf_club_ko?lang=ko
s00000001671069,https://okcaddie.net/course/ehime_golf_club_en
s00000001671069,https://okcaddie.net/course/ehime_golf_club_en?lang=ko
s00000001671069,https://okcaddie.net/course/ehime_golf_club_ja
s00000001671069,https://okcaddie.net/course/ehime_golf_club_ja?lang=ko
s00000001671069,https://okcaddie.net/course/ehime_golf_club_ko
s00000001671069,https://okcaddie.net/course/ehime_golf_club_ko?lang=ko
s00000001671069,https://okcaddie.net/course/ehime_golf_club_main_en
s00000001671069,https://okcaddie.net/course/ehime_golf_club_main_en?lang=ko
s00000001671069,https://okcaddie.net/course/ehime_golf_club_main_ja
s00000001671069,https://okcaddie.net/course/ehime_golf_club_main_ja?lang=ko
s00000001671069,https://okcaddie.net/course/ehime_golf_club_main_ko
s00000001671069,https://okcaddie.net/course/ehime_golf_club_main_ko?lang=ko
s00000001671069,https://okcaddie.net/course/ena_kogen_golf_club_en
s00000001671069,https://okcaddie.net/course/ena_kogen_golf_club_en?lang=ko
s00000001671069,https://okcaddie.net/course/ena_kogen_golf_club_ja
s00000001671069,https://okcaddie.net/course/ena_kogen_golf_club_ja?lang=ko
s00000001671069,https://okcaddie.net/course/ena_kogen_golf_club_ko
s00000001671069,https://okcaddie.net/course/ena_kogen_golf_club_ko?lang=ko
s00000001671069,https://okcaddie.net/course/eniwa_country_club_en
s00000001671069,https://okcaddie.net/course/eniwa_country_club_en?lang=ko
s00000001671069,https://okcaddie.net/course/eniwa_country_club_ja
s00000001671069,https://okcaddie.net/course/eniwa_country_club_ja?lang=ko
s00000001671069,https://okcaddie.net/course/eniwa_country_club_ko
s00000001671069,https://okcaddie.net/course/eniwa_country_club_ko?lang=ko
s00000001671069,https://okcaddie.net/course/enoshima_golf_club_en
s00000001671069,https://okcaddie.net/course/enoshima_golf_club_en?lang=ko
s00000001671069,https://okcaddie.net/course/enoshima_golf_club_ja
s00000001671069,https://okcaddie.net/course/enoshima_golf_club_ja?lang=ko
s00000001671069,https://okcaddie.net/course/enoshima_golf_club_ko
s00000001671069,https://okcaddie.net/course/enoshima_golf_club_ko?lang=ko
s00000001671069,https://okcaddie.net/course/finest_guam_golf_en
s00000001671069,https://okcaddie.net/course/finest_guam_golf_en?lang=ko
s00000001671069,https://okcaddie.net/course/finest_guam_golf_ja
s00000001671069,https://okcaddie.net/course/finest_guam_golf_ja?lang=ko
s00000001671069,https://okcaddie.net/course/finest_guam_golf_ko
s00000001671069,https://okcaddie.net/course/finest_guam_golf_ko?lang=ko
s00000001671069,https://okcaddie.net/course/fuchu_country_club_en
s00000001671069,https://okcaddie.net/course/fuchu_country_club_en?lang=ko
s00000001671069,https://okcaddie.net/course/fuchu_country_club_ja
s00000001671069,https://okcaddie.net/course/fuchu_country_club_ja?lang=ko
s00000001671069,https://okcaddie.net/course/fuchu_country_club_ko
s00000001671069,https://okcaddie.net/course/fuchu_country_club_ko?lang=ko
s00000001671069,https://okcaddie.net/course/fuji_country_club_en
s00000001671069,https://okcaddie.net/course/fuji_country_club_en?lang=ko
s00000001671069,https://okcaddie.net/course/fuji_country_club_ja
s00000001671069,https://okcaddie.net/course/fuji_country_club_ja?lang=ko
s00000001671069,https://okcaddie.net/course/fuji_country_club_ko
s00000001671069,https://okcaddie.net/course/fuji_country_club_ko?lang=ko
s00000001671069,https://okcaddie.net/course/fujizakura_country_club_en
s00000001671069,https://okcaddie.net/course/fujizakura_country_club_en?lang=ko
s00000001671069,https://okcaddie.net/course/fujizakura_country_club_ja
s00000001671069,https://okcaddie.net/course/fujizakura_country_club_ja?lang=ko
s00000001671069,https://okcaddie.net/course/fujizakura_country_club_ko
s00000001671069,https://okcaddie.net/course/fujizakura_country_club_ko?lang=ko
s00000001671069,https://okcaddie.net/course/fukui_kokusai_golf_en
s00000001671069,https://okcaddie.net/course/fukui_kokusai_golf_en?lang=ko
s00000001671069,https://okcaddie.net/course/fukui_kokusai_golf_ja
s00000001671069,https://okcaddie.net/course/fukui_kokusai_golf_ja?lang=ko
s00000001671069,https://okcaddie.net/course/fukui_kokusai_golf_ko
s00000001671069,https://okcaddie.net/course/fukui_kokusai_golf_ko?lang=ko
s00000001671069,https://okcaddie.net/course/fukuoka_country_club_en
s00000001671069,https://okcaddie.net/course/fukuoka_country_club_en?lang=ko
s00000001671069,https://okcaddie.net/course/fukuoka_country_club_ja
s00000001671069,https://okcaddie.net/course/fukuoka_country_club_ja?lang=ko
s00000001671069,https://okcaddie.net/course/fukuoka_country_club_ko
s00000001671069,https://okcaddie.net/course/fukuoka_country_club_ko?lang=ko
s00000001671069,https://okcaddie.net/course/fukuoka_international_en
s00000001671069,https://okcaddie.net/course/fukuoka_international_en?lang=ko
s00000001671069,https://okcaddie.net/course/fukuoka_international_ja
s00000001671069,https://okcaddie.net/course/fukuoka_international_ja?lang=ko
s00000001671069,https://okcaddie.net/course/fukuoka_international_ko
s00000001671069,https://okcaddie.net/course/fukuoka_international_ko?lang=ko
s00000001671069,https://okcaddie.net/course/fukuoka_kokusai_golf_en
s00000001671069,https://okcaddie.net/course/fukuoka_kokusai_golf_en?lang=ko
s00000001671069,https://okcaddie.net/course/fukuoka_kokusai_golf_ja
s00000001671069,https://okcaddie.net/course/fukuoka_kokusai_golf_ja?lang=ko
s00000001671069,https://okcaddie.net/course/fukuoka_kokusai_golf_ko
s00000001671069,https://okcaddie.net/course/fukuoka_kokusai_golf_ko?lang=ko
s00000001671069,https://okcaddie.net/course/fukushima_azuma_golf_en
s00000001671069,https://okcaddie.net/course/fukushima_azuma_golf_en?lang=ko
s00000001671069,https://okcaddie.net/course/fukushima_azuma_golf_ja
s00000001671069,https://okcaddie.net/course/fukushima_azuma_golf_ja?lang=ko
s00000001671069,https://okcaddie.net/course/fukushima_azuma_golf_ko
s00000001671069,https://okcaddie.net/course/fukushima_azuma_golf_ko?lang=ko
s00000001671069,https://okcaddie.net/course/fukushima_golf_club_en
s00000001671069,https://okcaddie.net/course/fukushima_golf_club_en?lang=ko
s00000001671069,https://okcaddie.net/course/fukushima_golf_club_ja
s00000001671069,https://okcaddie.net/course/fukushima_golf_club_ja?lang=ko
s00000001671069,https://okcaddie.net/course/fukushima_golf_club_ko
s00000001671069,https://okcaddie.net/course/fukushima_golf_club_ko?lang=ko
s00000001671069,https://okcaddie.net/course/gifu_north_golf_club_en
s00000001671069,https://okcaddie.net/course/gifu_north_golf_club_en?lang=ko
s00000001671069,https://okcaddie.net/course/gifu_north_golf_club_ja
s00000001671069,https://okcaddie.net/course/gifu_north_golf_club_ja?lang=ko
s00000001671069,https://okcaddie.net/course/gifu_north_golf_club_ko
s00000001671069,https://okcaddie.net/course/gifu_north_golf_club_ko?lang=ko
s00000001671069,https://okcaddie.net/course/gifu_seki_country_club_en
s00000001671069,https://okcaddie.net/course/gifu_seki_country_club_en?lang=ko
s00000001671069,https://okcaddie.net/course/gifu_seki_country_club_ja
s00000001671069,https://okcaddie.net/course/gifu_seki_country_club_ja?lang=ko
s00000001671069,https://okcaddie.net/course/gifu_seki_country_club_ko
s00000001671069,https://okcaddie.net/course/gifu_seki_country_club_ko?lang=ko
s00000001671069,https://okcaddie.net/course/golden_valley_golf_club_en
s00000001671069,https://okcaddie.net/course/golden_valley_golf_club_en?lang=ko
s00000001671069,https://okcaddie.net/course/golden_valley_golf_club_ja
s00000001671069,https://okcaddie.net/course/golden_valley_golf_club_ja?lang=ko
s00000001671069,https://okcaddie.net/course/golden_valley_golf_club_ko
s00000001671069,https://okcaddie.net/course/golden_valley_golf_club_ko?lang=ko
s00000001671069,https://okcaddie.net/course/hakone_country_club_en
s00000001671069,https://okcaddie.net/course/hakone_country_club_en?lang=ko
s00000001671069,https://okcaddie.net/course/hakone_country_club_ja
s00000001671069,https://okcaddie.net/course/hakone_country_club_ja?lang=ko
s00000001671069,https://okcaddie.net/course/hakone_country_club_ko
s00000001671069,https://okcaddie.net/course/hakone_country_club_ko?lang=ko
s00000001671069,https://okcaddie.net/course/hanshin_public_golf_en
s00000001671069,https://okcaddie.net/course/hanshin_public_golf_en?lang=ko
s00000001671069,https://okcaddie.net/course/hanshin_public_golf_ja
s00000001671069,https://okcaddie.net/course/hanshin_public_golf_ja?lang=ko
s00000001671069,https://okcaddie.net/course/hanshin_public_golf_ko
s00000001671069,https://okcaddie.net/course/hanshin_public_golf_ko?lang=ko
s00000001671069,https://okcaddie.net/course/hawaii_prince_golf_en
s00000001671069,https://okcaddie.net/course/hawaii_prince_golf_en?lang=ko
s00000001671069,https://okcaddie.net/course/hawaii_prince_golf_ja
s00000001671069,https://okcaddie.net/course/hawaii_prince_golf_ja?lang=ko
s00000001671069,https://okcaddie.net/course/hawaii_prince_golf_ko
s00000001671069,https://okcaddie.net/course/hawaii_prince_golf_ko?lang=ko
s00000001671069,https://okcaddie.net/course/hiratsuka_fuji_golf_course_en
s00000001671069,https://okcaddie.net/course/hiratsuka_fuji_golf_course_en?lang=ko
s00000001671069,https://okcaddie.net/course/hiratsuka_fuji_golf_course_ja
s00000001671069,https://okcaddie.net/course/hiratsuka_fuji_golf_course_ja?lang=ko
s00000001671069,https://okcaddie.net/course/hiratsuka_fuji_golf_course_ko
s00000001671069,https://okcaddie.net/course/hiratsuka_fuji_golf_course_ko?lang=ko
s00000001671069,https://okcaddie.net/course/hirono_golf_club_en
s00000001671069,https://okcaddie.net/course/hirono_golf_club_en?lang=ko
s00000001671069,https://okcaddie.net/course/hirono_golf_club_ja
s00000001671069,https://okcaddie.net/course/hirono_golf_club_ja?lang=ko
s00000001671069,https://okcaddie.net/course/hirono_golf_club_ko
s00000001671069,https://okcaddie.net/course/hirono_golf_club_ko?lang=ko
s00000001671069,https://okcaddie.net/course/hiroshima_country_club_en
s00000001671069,https://okcaddie.net/course/hiroshima_country_club_en?lang=ko
s00000001671069,https://okcaddie.net/course/hiroshima_country_club_ja
s00000001671069,https://okcaddie.net/course/hiroshima_country_club_ja?lang=ko
s00000001671069,https://okcaddie.net/course/hiroshima_country_club_ko
s00000001671069,https://okcaddie.net/course/hiroshima_country_club_ko?lang=ko
s00000001671069,https://okcaddie.net/course/hiroshima_kokusai_golf_en
s00000001671069,https://okcaddie.net/course/hiroshima_kokusai_golf_en?lang=ko
s00000001671069,https://okcaddie.net/course/hiroshima_kokusai_golf_ja
s00000001671069,https://okcaddie.net/course/hiroshima_kokusai_golf_ja?lang=ko
s00000001671069,https://okcaddie.net/course/hiroshima_kokusai_golf_ko
s00000001671069,https://okcaddie.net/course/hiroshima_kokusai_golf_ko?lang=ko
s00000001671069,https://okcaddie.net/course/hokkaido_brooks_golf_en
s00000001671069,https://okcaddie.net/course/hokkaido_brooks_golf_en?lang=ko
s00000001671069,https://okcaddie.net/course/hokkaido_brooks_golf_ja
s00000001671069,https://okcaddie.net/course/hokkaido_brooks_golf_ja?lang=ko
s00000001671069,https://okcaddie.net/course/hokkaido_brooks_golf_ko
s00000001671069,https://okcaddie.net/course/hokkaido_brooks_golf_ko?lang=ko
s00000001671069,https://okcaddie.net/course/hokkaido_classic_golf_club_en
s00000001671069,https://okcaddie.net/course/hokkaido_classic_golf_club_en?lang=ko
s00000001671069,https://okcaddie.net/course/hokkaido_classic_golf_club_ja
s00000001671069,https://okcaddie.net/course/hokkaido_classic_golf_club_ja?lang=ko
s00000001671069,https://okcaddie.net/course/hokkaido_classic_golf_club_ko
s00000001671069,https://okcaddie.net/course/hokkaido_classic_golf_club_ko?lang=ko
s00000001671069,https://okcaddie.net/course/ibaraki_golf_club_en
s00000001671069,https://okcaddie.net/course/ibaraki_golf_club_en?lang=ko
s00000001671069,https://okcaddie.net/course/ibaraki_golf_club_ja
s00000001671069,https://okcaddie.net/course/ibaraki_golf_club_ja?lang=ko
s00000001671069,https://okcaddie.net/course/ibaraki_golf_club_ko
s00000001671069,https://okcaddie.net/course/ibaraki_golf_club_ko?lang=ko
s00000001671069,https://okcaddie.net/course/ibusuki_golf_club_en
s00000001671069,https://okcaddie.net/course/ibusuki_golf_club_en?lang=ko
s00000001671069,https://okcaddie.net/course/ibusuki_golf_club_ja
s00000001671069,https://okcaddie.net/course/ibusuki_golf_club_ja?lang=ko
s00000001671069,https://okcaddie.net/course/ibusuki_golf_club_ko
s00000001671069,https://okcaddie.net/course/ibusuki_golf_club_ko?lang=ko
s00000001671069,https://okcaddie.net/course/inuyama_country_club_en
s00000001671069,https://okcaddie.net/course/inuyama_country_club_en?lang=ko
s00000001671069,https://okcaddie.net/course/inuyama_country_club_ja
s00000001671069,https://okcaddie.net/course/inuyama_country_club_ja?lang=ko
s00000001671069,https://okcaddie.net/course/inuyama_country_club_ko
s00000001671069,https://okcaddie.net/course/inuyama_country_club_ko?lang=ko
s00000001671069,https://okcaddie.net/course/ishikawa_kaga_country_en
s00000001671069,https://okcaddie.net/course/ishikawa_kaga_country_en?lang=ko
s00000001671069,https://okcaddie.net/course/ishikawa_kaga_country_ja
s00000001671069,https://okcaddie.net/course/ishikawa_kaga_country_ja?lang=ko
s00000001671069,https://okcaddie.net/course/ishikawa_kaga_country_ko
s00000001671069,https://okcaddie.net/course/ishikawa_kaga_country_ko?lang=ko
s00000001671069,https://okcaddie.net/course/iwate_numakunai_golf_en
s00000001671069,https://okcaddie.net/course/iwate_numakunai_golf_en?lang=ko
s00000001671069,https://okcaddie.net/course/iwate_numakunai_golf_ja
s00000001671069,https://okcaddie.net/course/iwate_numakunai_golf_ja?lang=ko
s00000001671069,https://okcaddie.net/course/iwate_numakunai_golf_ko
s00000001671069,https://okcaddie.net/course/iwate_numakunai_golf_ko?lang=ko
s00000001671069,https://okcaddie.net/course/izu_ohito_country_club_en
s00000001671069,https://okcaddie.net/course/izu_ohito_country_club_en?lang=ko
s00000001671069,https://okcaddie.net/course/izu_ohito_country_club_ja
s00000001671069,https://okcaddie.net/course/izu_ohito_country_club_ja?lang=ko
s00000001671069,https://okcaddie.net/course/izu_ohito_country_club_ko
s00000001671069,https://okcaddie.net/course/izu_ohito_country_club_ko?lang=ko
s00000001671069,https://okcaddie.net/course/jfe_setonaikai_golf_club_en
s00000001671069,https://okcaddie.net/course/jfe_setonaikai_golf_club_en?lang=ko
s00000001671069,https://okcaddie.net/course/jfe_setonaikai_golf_club_ja
s00000001671069,https://okcaddie.net/course/jfe_setonaikai_golf_club_ja?lang=ko
s00000001671069,https://okcaddie.net/course/jfe_setonaikai_golf_club_ko
s00000001671069,https://okcaddie.net/course/jfe_setonaikai_golf_club_ko?lang=ko
s00000001671069,https://okcaddie.net/course/jun_classic_country_club_en
s00000001671069,https://okcaddie.net/course/jun_classic_country_club_en?lang=ko
s00000001671069,https://okcaddie.net/course/jun_classic_country_club_ja
s00000001671069,https://okcaddie.net/course/jun_classic_country_club_ja?lang=ko
s00000001671069,https://okcaddie.net/course/jun_classic_country_club_ko
s00000001671069,https://okcaddie.net/course/jun_classic_country_club_ko?lang=ko
s00000001671069,https://okcaddie.net/course/kagawa_prefectural_golf_en
s00000001671069,https://okcaddie.net/course/kagawa_prefectural_golf_en?lang=ko
s00000001671069,https://okcaddie.net/course/kagawa_prefectural_golf_ja
s00000001671069,https://okcaddie.net/course/kagawa_prefectural_golf_ja?lang=ko
s00000001671069,https://okcaddie.net/course/kagawa_prefectural_golf_ko
s00000001671069,https://okcaddie.net/course/kagawa_prefectural_golf_ko?lang=ko
s00000001671069,https://okcaddie.net/course/kagoshima_airport_36_cc_en
s00000001671069,https://okcaddie.net/course/kagoshima_airport_36_cc_en?lang=ko
s00000001671069,https://okcaddie.net/course/kagoshima_airport_36_cc_ja
s00000001671069,https://okcaddie.net/course/kagoshima_airport_36_cc_ja?lang=ko
s00000001671069,https://okcaddie.net/course/kagoshima_airport_36_cc_ko
s00000001671069,https://okcaddie.net/course/kagoshima_airport_36_cc_ko?lang=ko
s00000001671069,https://okcaddie.net/course/kagoshima_kokusai_golf_en
s00000001671069,https://okcaddie.net/course/kagoshima_kokusai_golf_en?lang=ko
s00000001671069,https://okcaddie.net/course/kagoshima_kokusai_golf_ja
s00000001671069,https://okcaddie.net/course/kagoshima_kokusai_golf_ja?lang=ko
s00000001671069,https://okcaddie.net/course/kagoshima_kokusai_golf_ko
s00000001671069,https://okcaddie.net/course/kagoshima_kokusai_golf_ko?lang=ko
s00000001671069,https://okcaddie.net/course/kagoshima_takachiho_en
s00000001671069,https://okcaddie.net/course/kagoshima_takachiho_en?lang=ko
s00000001671069,https://okcaddie.net/course/kagoshima_takachiho_ja
s00000001671069,https://okcaddie.net/course/kagoshima_takachiho_ja?lang=ko
s00000001671069,https://okcaddie.net/course/kagoshima_takachiho_ko
s00000001671069,https://okcaddie.net/course/kagoshima_takachiho_ko?lang=ko
s00000001671069,https://okcaddie.net/course/kansai_classic_golf_club_en
s00000001671069,https://okcaddie.net/course/kansai_classic_golf_club_en?lang=ko
s00000001671069,https://okcaddie.net/course/kansai_classic_golf_club_ja
s00000001671069,https://okcaddie.net/course/kansai_classic_golf_club_ja?lang=ko
s00000001671069,https://okcaddie.net/course/kansai_classic_golf_club_ko
s00000001671069,https://okcaddie.net/course/kansai_classic_golf_club_ko?lang=ko
s00000001671069,https://okcaddie.net/course/kansai_golf_club_en
s00000001671069,https://okcaddie.net/course/kansai_golf_club_en?lang=ko
s00000001671069,https://okcaddie.net/course/kansai_golf_club_ja
s00000001671069,https://okcaddie.net/course/kansai_golf_club_ja?lang=ko
s00000001671069,https://okcaddie.net/course/kansai_golf_club_ko
s00000001671069,https://okcaddie.net/course/kansai_golf_club_ko?lang=ko
s00000001671069,https://okcaddie.net/course/kanucha_golf_course_en
s00000001671069,https://okcaddie.net/course/kanucha_golf_course_en?lang=ko
s00000001671069,https://okcaddie.net/course/kanucha_golf_course_ja
s00000001671069,https://okcaddie.net/course/kanucha_golf_course_ja?lang=ko
s00000001671069,https://okcaddie.net/course/kanucha_golf_course_ko
s00000001671069,https://okcaddie.net/course/kanucha_golf_course_ko?lang=ko
s00000001671069,https://okcaddie.net/course/kapolei_golf_course_en
s00000001671069,https://okcaddie.net/course/kapolei_golf_course_en?lang=ko
s00000001671069,https://okcaddie.net/course/kapolei_golf_course_ja
s00000001671069,https://okcaddie.net/course/kapolei_golf_course_ja?lang=ko
s00000001671069,https://okcaddie.net/course/kapolei_golf_course_ko
s00000001671069,https://okcaddie.net/course/kapolei_golf_course_ko?lang=ko
s00000001671069,https://okcaddie.net/course/karuizawa_72_golf_east_en
s00000001671069,https://okcaddie.net/course/karuizawa_72_golf_east_en?lang=ko
s00000001671069,https://okcaddie.net/course/karuizawa_72_golf_east_ja
s00000001671069,https://okcaddie.net/course/karuizawa_72_golf_east_ja?lang=ko
s00000001671069,https://okcaddie.net/course/karuizawa_72_golf_east_ko
s00000001671069,https://okcaddie.net/course/karuizawa_72_golf_east_ko?lang=ko
s00000001671069,https://okcaddie.net/course/karuizawa_asama_golf_course_en
s00000001671069,https://okcaddie.net/course/karuizawa_asama_golf_course_en?lang=ko
s00000001671069,https://okcaddie.net/course/karuizawa_asama_golf_course_ja
s00000001671069,https://okcaddie.net/course/karuizawa_asama_golf_course_ja?lang=ko
s00000001671069,https://okcaddie.net/course/karuizawa_asama_golf_course_ko
s00000001671069,https://okcaddie.net/course/karuizawa_asama_golf_course_ko?lang=ko
s00000001671069,https://okcaddie.net/course/kasumigaseki_country_club_en
s00000001671069,https://okcaddie.net/course/kasumigaseki_country_club_en?lang=ko
s00000001671069,https://okcaddie.net/course/kasumigaseki_country_club_ja
s00000001671069,https://okcaddie.net/course/kasumigaseki_country_club_ja?lang=ko
s00000001671069,https://okcaddie.net/course/kasumigaseki_country_club_ko
s00000001671069,https://okcaddie.net/course/kasumigaseki_country_club_ko?lang=ko
s00000001671069,https://okcaddie.net/course/katayamazu_golf_club_en
s00000001671069,https://okcaddie.net/course/katayamazu_golf_club_en?lang=ko
s00000001671069,https://okcaddie.net/course/katayamazu_golf_club_ja
s00000001671069,https://okcaddie.net/course/katayamazu_golf_club_ja?lang=ko
s00000001671069,https://okcaddie.net/course/katayamazu_golf_club_ko
s00000001671069,https://okcaddie.net/course/katayamazu_golf_club_ko?lang=ko
s00000001671069,https://okcaddie.net/course/katsura_golf_club_en
s00000001671069,https://okcaddie.net/course/katsura_golf_club_en?lang=ko
s00000001671069,https://okcaddie.net/course/katsura_golf_club_ja
s00000001671069,https://okcaddie.net/course/katsura_golf_club_ja?lang=ko
s00000001671069,https://okcaddie.net/course/katsura_golf_club_ko
s00000001671069,https://okcaddie.net/course/katsura_golf_club_ko?lang=ko
s00000001671069,https://okcaddie.net/course/katsuragi_golf_club_en
s00000001671069,https://okcaddie.net/course/katsuragi_golf_club_en?lang=ko
s00000001671069,https://okcaddie.net/course/katsuragi_golf_club_ja
s00000001671069,https://okcaddie.net/course/katsuragi_golf_club_ja?lang=ko
s00000001671069,https://okcaddie.net/course/katsuragi_golf_club_ko
s00000001671069,https://okcaddie.net/course/katsuragi_golf_club_ko?lang=ko
s00000001671069,https://okcaddie.net/course/kawana_hotel_golf_course_fuji_course_en
s00000001671069,https://okcaddie.net/course/kawana_hotel_golf_course_fuji_course_en?lang=ko
s00000001671069,https://okcaddie.net/course/kawana_hotel_golf_course_fuji_course_ja
s00000001671069,https://okcaddie.net/course/kawana_hotel_golf_course_fuji_course_ja?lang=ko
s00000001671069,https://okcaddie.net/course/kawana_hotel_golf_course_fuji_course_ko
s00000001671069,https://okcaddie.net/course/kawana_hotel_golf_course_fuji_course_ko?lang=ko
s00000001671069,https://okcaddie.net/course/keya_golf_club_en
s00000001671069,https://okcaddie.net/course/keya_golf_club_en?lang=ko
s00000001671069,https://okcaddie.net/course/keya_golf_club_ja
s00000001671069,https://okcaddie.net/course/keya_golf_club_ja?lang=ko
s00000001671069,https://okcaddie.net/course/keya_golf_club_ko
s00000001671069,https://okcaddie.net/course/keya_golf_club_ko?lang=ko
s00000001671069,https://okcaddie.net/course/kinojo_golf_club_en
s00000001671069,https://okcaddie.net/course/kinojo_golf_club_en?lang=ko
s00000001671069,https://okcaddie.net/course/kinojo_golf_club_ja
s00000001671069,https://okcaddie.net/course/kinojo_golf_club_ja?lang=ko
s00000001671069,https://okcaddie.net/course/kinojo_golf_club_ko
s00000001671069,https://okcaddie.net/course/kinojo_golf_club_ko?lang=ko
s00000001671069,https://okcaddie.net/course/kishu_golf_club_en
s00000001671069,https://okcaddie.net/course/kishu_golf_club_en?lang=ko
s00000001671069,https://okcaddie.net/course/kishu_golf_club_ja
s00000001671069,https://okcaddie.net/course/kishu_golf_club_ja?lang=ko
s00000001671069,https://okcaddie.net/course/kishu_golf_club_ko
s00000001671069,https://okcaddie.net/course/kishu_golf_club_ko?lang=ko
s00000001671069,https://okcaddie.net/course/ko_olina_golf_club_en
s00000001671069,https://okcaddie.net/course/ko_olina_golf_club_en?lang=ko
s00000001671069,https://okcaddie.net/course/ko_olina_golf_club_ja
s00000001671069,https://okcaddie.net/course/ko_olina_golf_club_ja?lang=ko
s00000001671069,https://okcaddie.net/course/ko_olina_golf_club_ko
s00000001671069,https://okcaddie.net/course/ko_olina_golf_club_ko?lang=ko
s00000001671069,https://okcaddie.net/course/kobe_grand_hill_en
s00000001671069,https://okcaddie.net/course/kobe_grand_hill_en?lang=ko
s00000001671069,https://okcaddie.net/course/kobe_grand_hill_ja
s00000001671069,https://okcaddie.net/course/kobe_grand_hill_ja?lang=ko
s00000001671069,https://okcaddie.net/course/kobe_grand_hill_ko
s00000001671069,https://okcaddie.net/course/kobe_grand_hill_ko?lang=ko
s00000001671069,https://okcaddie.net/course/kochi_golf_club_en
s00000001671069,https://okcaddie.net/course/kochi_golf_club_en?lang=ko
s00000001671069,https://okcaddie.net/course/kochi_golf_club_heights_en
s00000001671069,https://okcaddie.net/course/kochi_golf_club_heights_en?lang=ko
s00000001671069,https://okcaddie.net/course/kochi_golf_club_heights_ja
s00000001671069,https://okcaddie.net/course/kochi_golf_club_heights_ja?lang=ko
s00000001671069,https://okcaddie.net/course/kochi_golf_club_heights_ko
s00000001671069,https://okcaddie.net/course/kochi_golf_club_heights_ko?lang=ko
s00000001671069,https://okcaddie.net/course/kochi_golf_club_ja
s00000001671069,https://okcaddie.net/course/kochi_golf_club_ja?lang=ko
s00000001671069,https://okcaddie.net/course/kochi_golf_club_ko
s00000001671069,https://okcaddie.net/course/kochi_golf_club_ko?lang=ko
s00000001671069,https://okcaddie.net/course/kochi_kuroshio_country_club_en
s00000001671069,https://okcaddie.net/course/kochi_kuroshio_country_club_en?lang=ko
s00000001671069,https://okcaddie.net/course/kochi_kuroshio_country_club_ja
s00000001671069,https://okcaddie.net/course/kochi_kuroshio_country_club_ja?lang=ko
s00000001671069,https://okcaddie.net/course/kochi_kuroshio_country_club_ko
s00000001671069,https://okcaddie.net/course/kochi_kuroshio_country_club_ko?lang=ko
s00000001671069,https://okcaddie.net/course/koga_golf_club_en
s00000001671069,https://okcaddie.net/course/koga_golf_club_en?lang=ko
s00000001671069,https://okcaddie.net/course/koga_golf_club_ja
s00000001671069,https://okcaddie.net/course/koga_golf_club_ja?lang=ko
s00000001671069,https://okcaddie.net/course/koga_golf_club_ko
s00000001671069,https://okcaddie.net/course/koga_golf_club_ko?lang=ko
s00000001671069,https://okcaddie.net/course/koganei_golf_club_en
s00000001671069,https://okcaddie.net/course/koganei_golf_club_en?lang=ko
s00000001671069,https://okcaddie.net/course/koganei_golf_club_ja
s00000001671069,https://okcaddie.net/course/koganei_golf_club_ja?lang=ko
s00000001671069,https://okcaddie.net/course/koganei_golf_club_ko
s00000001671069,https://okcaddie.net/course/koganei_golf_club_ko?lang=ko
s00000001671069,https://okcaddie.net/course/kotohira_golf_club_en
s00000001671069,https://okcaddie.net/course/kotohira_golf_club_en?lang=ko
s00000001671069,https://okcaddie.net/course/kotohira_golf_club_ja
s00000001671069,https://okcaddie.net/course/kotohira_golf_club_ja?lang=ko
s00000001671069,https://okcaddie.net/course/kotohira_golf_club_ko
s00000001671069,https://okcaddie.net/course/kotohira_golf_club_ko?lang=ko
s00000001671069,https://okcaddie.net/course/kujyu_kogen_golf_en
s00000001671069,https://okcaddie.net/course/kujyu_kogen_golf_en?lang=ko
s00000001671069,https://okcaddie.net/course/kujyu_kogen_golf_ja
s00000001671069,https://okcaddie.net/course/kujyu_kogen_golf_ja?lang=ko
s00000001671069,https://okcaddie.net/course/kujyu_kogen_golf_ko
s00000001671069,https://okcaddie.net/course/kujyu_kogen_golf_ko?lang=ko
s00000001671069,https://okcaddie.net/course/kumamoto_airport_country_club_en
s00000001671069,https://okcaddie.net/course/kumamoto_airport_country_club_en?lang=ko
s00000001671069,https://okcaddie.net/course/kumamoto_airport_country_club_ja
s00000001671069,https://okcaddie.net/course/kumamoto_airport_country_club_ja?lang=ko
s00000001671069,https://okcaddie.net/course/kumamoto_airport_country_club_ko
s00000001671069,https://okcaddie.net/course/kumamoto_airport_country_club_ko?lang=ko
s00000001671069,https://okcaddie.net/course/kumamoto_castle_golf_en
s00000001671069,https://okcaddie.net/course/kumamoto_castle_golf_en?lang=ko
s00000001671069,https://okcaddie.net/course/kumamoto_castle_golf_ja
s00000001671069,https://okcaddie.net/course/kumamoto_castle_golf_ja?lang=ko
s00000001671069,https://okcaddie.net/course/kumamoto_castle_golf_ko
s00000001671069,https://okcaddie.net/course/kumamoto_castle_golf_ko?lang=ko
s00000001671069,https://okcaddie.net/course/kumamoto_chuo_golf_en
s00000001671069,https://okcaddie.net/course/kumamoto_chuo_golf_en?lang=ko
s00000001671069,https://okcaddie.net/course/kumamoto_chuo_golf_ja
s00000001671069,https://okcaddie.net/course/kumamoto_chuo_golf_ja?lang=ko
s00000001671069,https://okcaddie.net/course/kumamoto_chuo_golf_ko
s00000001671069,https://okcaddie.net/course/kumamoto_chuo_golf_ko?lang=ko
s00000001671069,https://okcaddie.net/course/kushiro_marsh_golf_en
s00000001671069,https://okcaddie.net/course/kushiro_marsh_golf_en?lang=ko
s00000001671069,https://okcaddie.net/course/kushiro_marsh_golf_ja
s00000001671069,https://okcaddie.net/course/kushiro_marsh_golf_ja?lang=ko
s00000001671069,https://okcaddie.net/course/kushiro_marsh_golf_ko
s00000001671069,https://okcaddie.net/course/kushiro_marsh_golf_ko?lang=ko
s00000001671069,https://okcaddie.net/course/kyoto_golf_club_kamigamo_en
s00000001671069,https://okcaddie.net/course/kyoto_golf_club_kamigamo_en?lang=ko
s00000001671069,https://okcaddie.net/course/kyoto_golf_club_kamigamo_ja
s00000001671069,https://okcaddie.net/course/kyoto_golf_club_kamigamo_ja?lang=ko
s00000001671069,https://okcaddie.net/course/kyoto_golf_club_kamigamo_ko
s00000001671069,https://okcaddie.net/course/kyoto_golf_club_kamigamo_ko?lang=ko
s00000001671069,https://okcaddie.net/course/kyoto_ohara_public_en
s00000001671069,https://okcaddie.net/course/kyoto_ohara_public_en?lang=ko
s00000001671069,https://okcaddie.net/course/kyoto_ohara_public_ja
s00000001671069,https://okcaddie.net/course/kyoto_ohara_public_ja?lang=ko
s00000001671069,https://okcaddie.net/course/kyoto_ohara_public_ko
s00000001671069,https://okcaddie.net/course/kyoto_ohara_public_ko?lang=ko
s00000001671069,https://okcaddie.net/course/lake_wood_golf_club_en
s00000001671069,https://okcaddie.net/course/lake_wood_golf_club_en?lang=ko
s00000001671069,https://okcaddie.net/course/lake_wood_golf_club_ja
s00000001671069,https://okcaddie.net/course/lake_wood_golf_club_ja?lang=ko
s00000001671069,https://okcaddie.net/course/lake_wood_golf_club_ko
s00000001671069,https://okcaddie.net/course/lake_wood_golf_club_ko?lang=ko
s00000001671069,https://okcaddie.net/course/leopalace_resort_guam_en
s00000001671069,https://okcaddie.net/course/leopalace_resort_guam_en?lang=ko
s00000001671069,https://okcaddie.net/course/leopalace_resort_guam_ja
s00000001671069,https://okcaddie.net/course/leopalace_resort_guam_ja?lang=ko
s00000001671069,https://okcaddie.net/course/leopalace_resort_guam_ko
s00000001671069,https://okcaddie.net/course/leopalace_resort_guam_ko?lang=ko
s00000001671069,https://okcaddie.net/course/long_bien_golf_en
s00000001671069,https://okcaddie.net/course/long_bien_golf_en?lang=ko
s00000001671069,https://okcaddie.net/course/long_bien_golf_ja
s00000001671069,https://okcaddie.net/course/long_bien_golf_ja?lang=ko
s00000001671069,https://okcaddie.net/course/long_bien_golf_ko
s00000001671069,https://okcaddie.net/course/long_bien_golf_ko?lang=ko
s00000001671069,https://okcaddie.net/course/matsuyama_golf_club_en
s00000001671069,https://okcaddie.net/course/matsuyama_golf_club_en?lang=ko
s00000001671069,https://okcaddie.net/course/matsuyama_golf_club_ja
s00000001671069,https://okcaddie.net/course/matsuyama_golf_club_ja?lang=ko
s00000001671069,https://okcaddie.net/course/matsuyama_golf_club_ko
s00000001671069,https://okcaddie.net/course/matsuyama_golf_club_ko?lang=ko
s00000001671069,https://okcaddie.net/course/matsuyama_seaside_golf_en
s00000001671069,https://okcaddie.net/course/matsuyama_seaside_golf_en?lang=ko
s00000001671069,https://okcaddie.net/course/matsuyama_seaside_golf_ja
s00000001671069,https://okcaddie.net/course/matsuyama_seaside_golf_ja?lang=ko
s00000001671069,https://okcaddie.net/course/matsuyama_seaside_golf_ko
s00000001671069,https://okcaddie.net/course/matsuyama_seaside_golf_ko?lang=ko
s00000001671069,https://okcaddie.net/course/mie_country_club_en
s00000001671069,https://okcaddie.net/course/mie_country_club_en?lang=ko
s00000001671069,https://okcaddie.net/course/mie_country_club_ja
s00000001671069,https://okcaddie.net/course/mie_country_club_ja?lang=ko
s00000001671069,https://okcaddie.net/course/mie_country_club_ko
s00000001671069,https://okcaddie.net/course/mie_country_club_ko?lang=ko
s00000001671069,https://okcaddie.net/course/mie_kokusai_golf_club_en
s00000001671069,https://okcaddie.net/course/mie_kokusai_golf_club_en?lang=ko
s00000001671069,https://okcaddie.net/course/mie_kokusai_golf_club_ja
s00000001671069,https://okcaddie.net/course/mie_kokusai_golf_club_ja?lang=ko
s00000001671069,https://okcaddie.net/course/mie_kokusai_golf_club_ko
s00000001671069,https://okcaddie.net/course/mie_kokusai_golf_club_ko?lang=ko
s00000001671069,https://okcaddie.net/course/miki_golf_club_en
s00000001671069,https://okcaddie.net/course/miki_golf_club_en?lang=ko
s00000001671069,https://okcaddie.net/course/miki_golf_club_ja
s00000001671069,https://okcaddie.net/course/miki_golf_club_ja?lang=ko
s00000001671069,https://okcaddie.net/course/miki_golf_club_ko
s00000001671069,https://okcaddie.net/course/miki_golf_club_ko?lang=ko
s00000001671069,https://okcaddie.net/course/miyazaki_country_club_en
s00000001671069,https://okcaddie.net/course/miyazaki_country_club_en?lang=ko
s00000001671069,https://okcaddie.net/course/miyazaki_country_club_ja
s00000001671069,https://okcaddie.net/course/miyazaki_country_club_ja?lang=ko
s00000001671069,https://okcaddie.net/course/miyazaki_country_club_ko
s00000001671069,https://okcaddie.net/course/miyazaki_country_club_ko?lang=ko
s00000001671069,https://okcaddie.net/course/miyazaki_lakeside_golf_en
s00000001671069,https://okcaddie.net/course/miyazaki_lakeside_golf_en?lang=ko
s00000001671069,https://okcaddie.net/course/miyazaki_lakeside_golf_ja
s00000001671069,https://okcaddie.net/course/miyazaki_lakeside_golf_ja?lang=ko
s00000001671069,https://okcaddie.net/course/miyazaki_lakeside_golf_ko
s00000001671069,https://okcaddie.net/course/miyazaki_lakeside_golf_ko?lang=ko
s00000001671069,https://okcaddie.net/course/miyazaki_tom_watson_night_en
s00000001671069,https://okcaddie.net/course/miyazaki_tom_watson_night_en?lang=ko
s00000001671069,https://okcaddie.net/course/miyazaki_tom_watson_night_ja
s00000001671069,https://okcaddie.net/course/miyazaki_tom_watson_night_ja?lang=ko
s00000001671069,https://okcaddie.net/course/miyazaki_tom_watson_night_ko
s00000001671069,https://okcaddie.net/course/miyazaki_tom_watson_night_ko?lang=ko
s00000001671069,https://okcaddie.net/course/miyoshi_country_club_en
s00000001671069,https://okcaddie.net/course/miyoshi_country_club_en?lang=ko
s00000001671069,https://okcaddie.net/course/miyoshi_country_club_ja
s00000001671069,https://okcaddie.net/course/miyoshi_country_club_ja?lang=ko
s00000001671069,https://okcaddie.net/course/miyoshi_country_club_ko
s00000001671069,https://okcaddie.net/course/miyoshi_country_club_ko?lang=ko
s00000001671069,https://okcaddie.net/course/moji_golf_club_en
s00000001671069,https://okcaddie.net/course/moji_golf_club_en?lang=ko
s00000001671069,https://okcaddie.net/course/moji_golf_club_ja
s00000001671069,https://okcaddie.net/course/moji_golf_club_ja?lang=ko
s00000001671069,https://okcaddie.net/course/moji_golf_club_ko
s00000001671069,https://okcaddie.net/course/moji_golf_club_ko?lang=ko
s00000001671069,https://okcaddie.net/course/montgomerie_links_vietnam_en
s00000001671069,https://okcaddie.net/course/montgomerie_links_vietnam_en?lang=ko
s00000001671069,https://okcaddie.net/course/montgomerie_links_vietnam_ja
s00000001671069,https://okcaddie.net/course/montgomerie_links_vietnam_ja?lang=ko
s00000001671069,https://okcaddie.net/course/montgomerie_links_vietnam_ko
s00000001671069,https://okcaddie.net/course/montgomerie_links_vietnam_ko?lang=ko
s00000001671069,https://okcaddie.net/course/musashi_country_club_sasai_en
s00000001671069,https://okcaddie.net/course/musashi_country_club_sasai_en?lang=ko
s00000001671069,https://okcaddie.net/course/musashi_country_club_sasai_ja
s00000001671069,https://okcaddie.net/course/musashi_country_club_sasai_ja?lang=ko
s00000001671069,https://okcaddie.net/course/musashi_country_club_sasai_ko
s00000001671069,https://okcaddie.net/course/musashi_country_club_sasai_ko?lang=ko
s00000001671069,https://okcaddie.net/course/nagano_country_club_en
s00000001671069,https://okcaddie.net/course/nagano_country_club_en?lang=ko
s00000001671069,https://okcaddie.net/course/nagano_country_club_ja
s00000001671069,https://okcaddie.net/course/nagano_country_club_ja?lang=ko
s00000001671069,https://okcaddie.net/course/nagano_country_club_ko
s00000001671069,https://okcaddie.net/course/nagano_country_club_ko?lang=ko
s00000001671069,https://okcaddie.net/course/nagasaki_international_en
s00000001671069,https://okcaddie.net/course/nagasaki_international_en?lang=ko
s00000001671069,https://okcaddie.net/course/nagasaki_international_ja
s00000001671069,https://okcaddie.net/course/nagasaki_international_ja?lang=ko
s00000001671069,https://okcaddie.net/course/nagasaki_international_ko
s00000001671069,https://okcaddie.net/course/nagasaki_international_ko?lang=ko
s00000001671069,https://okcaddie.net/course/nago_bay_golf_course_en
s00000001671069,https://okcaddie.net/course/nago_bay_golf_course_en?lang=ko
s00000001671069,https://okcaddie.net/course/nago_bay_golf_course_ja
s00000001671069,https://okcaddie.net/course/nago_bay_golf_course_ja?lang=ko
s00000001671069,https://okcaddie.net/course/nago_bay_golf_course_ko
s00000001671069,https://okcaddie.net/course/nago_bay_golf_course_ko?lang=ko
s00000001671069,https://okcaddie.net/course/nagoya_green_country_club_en
s00000001671069,https://okcaddie.net/course/nagoya_green_country_club_en?lang=ko
s00000001671069,https://okcaddie.net/course/nagoya_green_country_club_ja
s00000001671069,https://okcaddie.net/course/nagoya_green_country_club_ja?lang=ko
s00000001671069,https://okcaddie.net/course/nagoya_green_country_club_ko
s00000001671069,https://okcaddie.net/course/nagoya_green_country_club_ko?lang=ko
s00000001671069,https://okcaddie.net/course/narita_golf_club_en
s00000001671069,https://okcaddie.net/course/narita_golf_club_en?lang=ko
s00000001671069,https://okcaddie.net/course/narita_golf_club_ja
s00000001671069,https://okcaddie.net/course/narita_golf_club_ja?lang=ko
s00000001671069,https://okcaddie.net/course/narita_golf_club_ko
s00000001671069,https://okcaddie.net/course/narita_golf_club_ko?lang=ko
s00000001671069,https://okcaddie.net/course/naruo_golf_club_en
s00000001671069,https://okcaddie.net/course/naruo_golf_club_en?lang=ko
s00000001671069,https://okcaddie.net/course/naruo_golf_club_ja
s00000001671069,https://okcaddie.net/course/naruo_golf_club_ja?lang=ko
s00000001671069,https://okcaddie.net/course/naruo_golf_club_ko
s00000001671069,https://okcaddie.net/course/naruo_golf_club_ko?lang=ko
s00000001671069,https://okcaddie.net/course/nasu_golf_club_en
s00000001671069,https://okcaddie.net/course/nasu_golf_club_en?lang=ko
s00000001671069,https://okcaddie.net/course/nasu_golf_club_ja
s00000001671069,https://okcaddie.net/course/nasu_golf_club_ja?lang=ko
s00000001671069,https://okcaddie.net/course/nasu_golf_club_ko
s00000001671069,https://okcaddie.net/course/nasu_golf_club_ko?lang=ko
s00000001671069,https://okcaddie.net/course/nasu_kogen_golf_club_en
s00000001671069,https://okcaddie.net/course/nasu_kogen_golf_club_en?lang=ko
s00000001671069,https://okcaddie.net/course/nasu_kogen_golf_club_ja
s00000001671069,https://okcaddie.net/course/nasu_kogen_golf_club_ja?lang=ko
s00000001671069,https://okcaddie.net/course/nasu_kogen_golf_club_ko
s00000001671069,https://okcaddie.net/course/nasu_kogen_golf_club_ko?lang=ko
s00000001671069,https://okcaddie.net/course/nasu_ogawa_golf_club_en
s00000001671069,https://okcaddie.net/course/nasu_ogawa_golf_club_en?lang=ko
s00000001671069,https://okcaddie.net/course/nasu_ogawa_golf_club_ja
s00000001671069,https://okcaddie.net/course/nasu_ogawa_golf_club_ja?lang=ko
s00000001671069,https://okcaddie.net/course/nasu_ogawa_golf_club_ko
s00000001671069,https://okcaddie.net/course/nasu_ogawa_golf_club_ko?lang=ko
s00000001671069,https://okcaddie.net/course/natsudomari_golf_links_en
s00000001671069,https://okcaddie.net/course/natsudomari_golf_links_en?lang=ko
s00000001671069,https://okcaddie.net/course/natsudomari_golf_links_ja
s00000001671069,https://okcaddie.net/course/natsudomari_golf_links_ja?lang=ko
s00000001671069,https://okcaddie.net/course/natsudomari_golf_links_ko
s00000001671069,https://okcaddie.net/course/natsudomari_golf_links_ko?lang=ko
s00000001671069,https://okcaddie.net/course/nemun_sato_golf_club_en
s00000001671069,https://okcaddie.net/course/nemun_sato_golf_club_en?lang=ko
s00000001671069,https://okcaddie.net/course/nemun_sato_golf_club_ja
s00000001671069,https://okcaddie.net/course/nemun_sato_golf_club_ja?lang=ko
s00000001671069,https://okcaddie.net/course/nemun_sato_golf_club_ko
s00000001671069,https://okcaddie.net/course/nemun_sato_golf_club_ko?lang=ko
s00000001671069,https://okcaddie.net/course/nidom_classic_course_en
s00000001671069,https://okcaddie.net/course/nidom_classic_course_en?lang=ko
s00000001671069,https://okcaddie.net/course/nidom_classic_course_ja
s00000001671069,https://okcaddie.net/course/nidom_classic_course_ja?lang=ko
s00000001671069,https://okcaddie.net/course/nidom_classic_course_ko
s00000001671069,https://okcaddie.net/course/nidom_classic_course_ko?lang=ko
s00000001671069,https://okcaddie.net/course/niigata_country_club_en
s00000001671069,https://okcaddie.net/course/niigata_country_club_en?lang=ko
s00000001671069,https://okcaddie.net/course/niigata_country_club_ja
s00000001671069,https://okcaddie.net/course/niigata_country_club_ja?lang=ko
s00000001671069,https://okcaddie.net/course/niigata_country_club_ko
s00000001671069,https://okcaddie.net/course/niigata_country_club_ko?lang=ko
s00000001671069,https://okcaddie.net/course/nikanti_golf_club_en
s00000001671069,https://okcaddie.net/course/nikanti_golf_club_en?lang=ko
s00000001671069,https://okcaddie.net/course/nikanti_golf_club_ja
s00000001671069,https://okcaddie.net/course/nikanti_golf_club_ja?lang=ko
s00000001671069,https://okcaddie.net/course/nikanti_golf_club_ko
s00000001671069,https://okcaddie.net/course/nikanti_golf_club_ko?lang=ko
s00000001671069,https://okcaddie.net/course/nikko_country_club_en
s00000001671069,https://okcaddie.net/course/nikko_country_club_en?lang=ko
s00000001671069,https://okcaddie.net/course/nikko_country_club_ja
s00000001671069,https://okcaddie.net/course/nikko_country_club_ja?lang=ko
s00000001671069,https://okcaddie.net/course/nikko_country_club_ko
s00000001671069,https://okcaddie.net/course/nikko_country_club_ko?lang=ko
s00000001671069,https://okcaddie.net/course/nishinasuno_country_club_en
s00000001671069,https://okcaddie.net/course/nishinasuno_country_club_en?lang=ko
s00000001671069,https://okcaddie.net/course/nishinasuno_country_club_ja
s00000001671069,https://okcaddie.net/course/nishinasuno_country_club_ja?lang=ko
s00000001671069,https://okcaddie.net/course/nishinasuno_country_club_ko
s00000001671069,https://okcaddie.net/course/nishinasuno_country_club_ko?lang=ko
s00000001671069,https://okcaddie.net/course/nishinippon_country_club_en
s00000001671069,https://okcaddie.net/course/nishinippon_country_club_en?lang=ko
s00000001671069,https://okcaddie.net/course/nishinippon_country_club_ja
s00000001671069,https://okcaddie.net/course/nishinippon_country_club_ja?lang=ko
s00000001671069,https://okcaddie.net/course/nishinippon_country_club_ko
s00000001671069,https://okcaddie.net/course/nishinippon_country_club_ko?lang=ko
s00000001671069,https://okcaddie.net/course/nishinomiya_country_club_en
s00000001671069,https://okcaddie.net/course/nishinomiya_country_club_en?lang=ko
s00000001671069,https://okcaddie.net/course/nishinomiya_country_club_ja
s00000001671069,https://okcaddie.net/course/nishinomiya_country_club_ja?lang=ko
s00000001671069,https://okcaddie.net/course/nishinomiya_country_club_ko
s00000001671069,https://okcaddie.net/course/nishinomiya_country_club_ko?lang=ko
s00000001671069,https://okcaddie.net/course/oak_village_golf_club_en
s00000001671069,https://okcaddie.net/course/oak_village_golf_club_en?lang=ko
s00000001671069,https://okcaddie.net/course/oak_village_golf_club_ja
s00000001671069,https://okcaddie.net/course/oak_village_golf_club_ja?lang=ko
s00000001671069,https://okcaddie.net/course/oak_village_golf_club_ko
s00000001671069,https://okcaddie.net/course/oak_village_golf_club_ko?lang=ko
s00000001671069,https://okcaddie.net/course/oarai_golf_club_en
s00000001671069,https://okcaddie.net/course/oarai_golf_club_en?lang=ko
s00000001671069,https://okcaddie.net/course/oarai_golf_club_ja
s00000001671069,https://okcaddie.net/course/oarai_golf_club_ja?lang=ko
s00000001671069,https://okcaddie.net/course/oarai_golf_club_ko
s00000001671069,https://okcaddie.net/course/oarai_golf_club_ko?lang=ko
s00000001671069,https://okcaddie.net/course/ocean_castle_golf_en
s00000001671069,https://okcaddie.net/course/ocean_castle_golf_en?lang=ko
s00000001671069,https://okcaddie.net/course/ocean_castle_golf_ja
s00000001671069,https://okcaddie.net/course/ocean_castle_golf_ja?lang=ko
s00000001671069,https://okcaddie.net/course/ocean_castle_golf_ko
s00000001671069,https://okcaddie.net/course/ocean_castle_golf_ko?lang=ko
s00000001671069,https://okcaddie.net/course/oita_country_club_en
s00000001671069,https://okcaddie.net/course/oita_country_club_en?lang=ko
s00000001671069,https://okcaddie.net/course/oita_country_club_ja
s00000001671069,https://okcaddie.net/course/oita_country_club_ja?lang=ko
s00000001671069,https://okcaddie.net/course/oita_country_club_ko
s00000001671069,https://okcaddie.net/course/oita_country_club_ko?lang=ko
s00000001671069,https://okcaddie.net/course/oita_tokyu_golf_en
s00000001671069,https://okcaddie.net/course/oita_tokyu_golf_en?lang=ko
s00000001671069,https://okcaddie.net/course/oita_tokyu_golf_ja
s00000001671069,https://okcaddie.net/course/oita_tokyu_golf_ja?lang=ko
s00000001671069,https://okcaddie.net/course/oita_tokyu_golf_ko
s00000001671069,https://okcaddie.net/course/oita_tokyu_golf_ko?lang=ko
s00000001671069,https://okcaddie.net/course/okayama_country_club_en
s00000001671069,https://okcaddie.net/course/okayama_country_club_en?lang=ko
s00000001671069,https://okcaddie.net/course/okayama_country_club_ja
s00000001671069,https://okcaddie.net/course/okayama_country_club_ja?lang=ko
s00000001671069,https://okcaddie.net/course/okayama_country_club_ko
s00000001671069,https://okcaddie.net/course/okayama_country_club_ko?lang=ko
s00000001671069,https://okcaddie.net/course/okayama_goshuin_golf_club_en
s00000001671069,https://okcaddie.net/course/okayama_goshuin_golf_club_en?lang=ko
s00000001671069,https://okcaddie.net/course/okayama_goshuin_golf_club_ja
s00000001671069,https://okcaddie.net/course/okayama_goshuin_golf_club_ja?lang=ko
s00000001671069,https://okcaddie.net/course/okayama_goshuin_golf_club_ko
s00000001671069,https://okcaddie.net/course/okayama_goshuin_golf_club_ko?lang=ko
s00000001671069,https://okcaddie.net/course/okayama_royal_golf_en
s00000001671069,https://okcaddie.net/course/okayama_royal_golf_en?lang=ko
s00000001671069,https://okcaddie.net/course/okayama_royal_golf_ja
s00000001671069,https://okcaddie.net/course/okayama_royal_golf_ja?lang=ko
s00000001671069,https://okcaddie.net/course/okayama_royal_golf_ko
s00000001671069,https://okcaddie.net/course/okayama_royal_golf_ko?lang=ko
s00000001671069,https://okcaddie.net/course/okinawa_country_club_en
s00000001671069,https://okcaddie.net/course/okinawa_country_club_en?lang=ko
s00000001671069,https://okcaddie.net/course/okinawa_country_club_ja
s00000001671069,https://okcaddie.net/course/okinawa_country_club_ja?lang=ko
s00000001671069,https://okcaddie.net/course/okinawa_country_club_ko
s00000001671069,https://okcaddie.net/course/okinawa_country_club_ko?lang=ko
s00000001671069,https://okcaddie.net/course/onward_mangilao_golf_en
s00000001671069,https://okcaddie.net/course/onward_mangilao_golf_en?lang=ko
s00000001671069,https://okcaddie.net/course/onward_mangilao_golf_ja
s00000001671069,https://okcaddie.net/course/onward_mangilao_golf_ja?lang=ko
s00000001671069,https://okcaddie.net/course/onward_mangilao_golf_ko
s00000001671069,https://okcaddie.net/course/onward_mangilao_golf_ko?lang=ko
s00000001671069,https://okcaddie.net/course/onward_talofofo_golf_en
s00000001671069,https://okcaddie.net/course/onward_talofofo_golf_en?lang=ko
s00000001671069,https://okcaddie.net/course/onward_talofofo_golf_ja
s00000001671069,https://okcaddie.net/course/onward_talofofo_golf_ja?lang=ko
s00000001671069,https://okcaddie.net/course/onward_talofofo_golf_ko
s00000001671069,https://okcaddie.net/course/onward_talofofo_golf_ko?lang=ko
s00000001671069,https://okcaddie.net/course/osaka_golf_club_en
s00000001671069,https://okcaddie.net/course/osaka_golf_club_en?lang=ko
s00000001671069,https://okcaddie.net/course/osaka_golf_club_ja
s00000001671069,https://okcaddie.net/course/osaka_golf_club_ja?lang=ko
s00000001671069,https://okcaddie.net/course/osaka_golf_club_ko
s00000001671069,https://okcaddie.net/course/osaka_golf_club_ko?lang=ko
s00000001671069,https://okcaddie.net/course/otaru_golf_club_en
s00000001671069,https://okcaddie.net/course/otaru_golf_club_en?lang=ko
s00000001671069,https://okcaddie.net/course/otaru_golf_club_ja
s00000001671069,https://okcaddie.net/course/otaru_golf_club_ja?lang=ko
s00000001671069,https://okcaddie.net/course/otaru_golf_club_ko
s00000001671069,https://okcaddie.net/course/otaru_golf_club_ko?lang=ko
s00000001671069,https://okcaddie.net/course/pacific_golf_club_en
s00000001671069,https://okcaddie.net/course/pacific_golf_club_en?lang=ko
s00000001671069,https://okcaddie.net/course/pacific_golf_club_ja
s00000001671069,https://okcaddie.net/course/pacific_golf_club_ja?lang=ko
s00000001671069,https://okcaddie.net/course/pacific_golf_club_ko
s00000001671069,https://okcaddie.net/course/pacific_golf_club_ko?lang=ko
s00000001671069,https://okcaddie.net/course/palm_hills_golf_resort_en
s00000001671069,https://okcaddie.net/course/palm_hills_golf_resort_en?lang=ko
s00000001671069,https://okcaddie.net/course/palm_hills_golf_resort_ja
s00000001671069,https://okcaddie.net/course/palm_hills_golf_resort_ja?lang=ko
s00000001671069,https://okcaddie.net/course/palm_hills_golf_resort_ko
s00000001671069,https://okcaddie.net/course/palm_hills_golf_resort_ko?lang=ko
s00000001671069,https://okcaddie.net/course/passage_kinkai_en
s00000001671069,https://okcaddie.net/course/passage_kinkai_en?lang=ko
s00000001671069,https://okcaddie.net/course/passage_kinkai_island_en
s00000001671069,https://okcaddie.net/course/passage_kinkai_island_en?lang=ko
s00000001671069,https://okcaddie.net/course/passage_kinkai_island_ja
s00000001671069,https://okcaddie.net/course/passage_kinkai_island_ja?lang=ko
s00000001671069,https://okcaddie.net/course/passage_kinkai_island_ko
s00000001671069,https://okcaddie.net/course/passage_kinkai_island_ko?lang=ko
s00000001671069,https://okcaddie.net/course/passage_kinkai_ja
s00000001671069,https://okcaddie.net/course/passage_kinkai_ja?lang=ko
s00000001671069,https://okcaddie.net/course/passage_kinkai_ko
s00000001671069,https://okcaddie.net/course/passage_kinkai_ko?lang=ko
s00000001671069,https://okcaddie.net/course/pgm_golf_resort_okinawa_en
s00000001671069,https://okcaddie.net/course/pgm_golf_resort_okinawa_en?lang=ko
s00000001671069,https://okcaddie.net/course/pgm_golf_resort_okinawa_ja
s00000001671069,https://okcaddie.net/course/pgm_golf_resort_okinawa_ja?lang=ko
s00000001671069,https://okcaddie.net/course/pgm_golf_resort_okinawa_ko
s00000001671069,https://okcaddie.net/course/pgm_golf_resort_okinawa_ko?lang=ko
s00000001671069,https://okcaddie.net/course/pgm_ishioka_golf_club_en
s00000001671069,https://okcaddie.net/course/pgm_ishioka_golf_club_en?lang=ko
s00000001671069,https://okcaddie.net/course/pgm_ishioka_golf_club_ja
s00000001671069,https://okcaddie.net/course/pgm_ishioka_golf_club_ja?lang=ko
s00000001671069,https://okcaddie.net/course/pgm_ishioka_golf_club_ko
s00000001671069,https://okcaddie.net/course/pgm_ishioka_golf_club_ko?lang=ko
s00000001671069,https://okcaddie.net/course/phoenix_country_club_en
s00000001671069,https://okcaddie.net/course/phoenix_country_club_en?lang=ko
s00000001671069,https://okcaddie.net/course/phoenix_country_club_ja
s00000001671069,https://okcaddie.net/course/phoenix_country_club_ja?lang=ko
s00000001671069,https://okcaddie.net/course/phoenix_country_club_ko
s00000001671069,https://okcaddie.net/course/phoenix_country_club_ko?lang=ko
s00000001671069,https://okcaddie.net/course/phoenix_seagaia_resort_en
s00000001671069,https://okcaddie.net/course/phoenix_seagaia_resort_en?lang=ko
s00000001671069,https://okcaddie.net/course/phoenix_seagaia_resort_ja
s00000001671069,https://okcaddie.net/course/phoenix_seagaia_resort_ja?lang=ko
s00000001671069,https://okcaddie.net/course/phoenix_seagaia_resort_ko
s00000001671069,https://okcaddie.net/course/phoenix_seagaia_resort_ko?lang=ko
s00000001671069,https://okcaddie.net/course/rokko_kokusai_golf_club_en
s00000001671069,https://okcaddie.net/course/rokko_kokusai_golf_club_en?lang=ko
s00000001671069,https://okcaddie.net/course/rokko_kokusai_golf_club_ja
s00000001671069,https://okcaddie.net/course/rokko_kokusai_golf_club_ja?lang=ko
s00000001671069,https://okcaddie.net/course/rokko_kokusai_golf_club_ko
s00000001671069,https://okcaddie.net/course/rokko_kokusai_golf_club_ko?lang=ko
s00000001671069,https://okcaddie.net/course/rope_club_en
s00000001671069,https://okcaddie.net/course/rope_club_en?lang=ko
s00000001671069,https://okcaddie.net/course/rope_club_ja
s00000001671069,https://okcaddie.net/course/rope_club_ja?lang=ko
s00000001671069,https://okcaddie.net/course/rope_club_ko
s00000001671069,https://okcaddie.net/course/rope_club_ko?lang=ko
s00000001671069,https://okcaddie.net/course/ryugasaki_country_club_en
s00000001671069,https://okcaddie.net/course/ryugasaki_country_club_en?lang=ko
s00000001671069,https://okcaddie.net/course/ryugasaki_country_club_ja
s00000001671069,https://okcaddie.net/course/ryugasaki_country_club_ja?lang=ko
s00000001671069,https://okcaddie.net/course/ryugasaki_country_club_ko
s00000001671069,https://okcaddie.net/course/ryugasaki_country_club_ko?lang=ko
s00000001671069,https://okcaddie.net/course/ryukyu_golf_club_en
s00000001671069,https://okcaddie.net/course/ryukyu_golf_club_en?lang=ko
s00000001671069,https://okcaddie.net/course/ryukyu_golf_club_ja
s00000001671069,https://okcaddie.net/course/ryukyu_golf_club_ja?lang=ko
s00000001671069,https://okcaddie.net/course/ryukyu_golf_club_ko
s00000001671069,https://okcaddie.net/course/ryukyu_golf_club_ko?lang=ko
s00000001671069,https://okcaddie.net/course/saga_classic_golf_club_en
s00000001671069,https://okcaddie.net/course/saga_classic_golf_club_en?lang=ko
s00000001671069,https://okcaddie.net/course/saga_classic_golf_club_ja
s00000001671069,https://okcaddie.net/course/saga_classic_golf_club_ja?lang=ko
s00000001671069,https://okcaddie.net/course/saga_classic_golf_club_ko
s00000001671069,https://okcaddie.net/course/saga_classic_golf_club_ko?lang=ko
s00000001671069,https://okcaddie.net/course/saga_country_club_en
s00000001671069,https://okcaddie.net/course/saga_country_club_en?lang=ko
s00000001671069,https://okcaddie.net/course/saga_country_club_ja
s00000001671069,https://okcaddie.net/course/saga_country_club_ja?lang=ko
s00000001671069,https://okcaddie.net/course/saga_country_club_ko
s00000001671069,https://okcaddie.net/course/saga_country_club_ko?lang=ko
s00000001671069,https://okcaddie.net/course/sagamihara_golf_club_en
s00000001671069,https://okcaddie.net/course/sagamihara_golf_club_en?lang=ko
s00000001671069,https://okcaddie.net/course/sagamihara_golf_club_ja
s00000001671069,https://okcaddie.net/course/sagamihara_golf_club_ja?lang=ko
s00000001671069,https://okcaddie.net/course/sagamihara_golf_club_ko
s00000001671069,https://okcaddie.net/course/sagamihara_golf_club_ko?lang=ko
s00000001671069,https://okcaddie.net/course/sample_golf_club_en
s00000001671069,https://okcaddie.net/course/sample_golf_club_en?lang=ko
s00000001671069,https://okcaddie.net/course/sample_golf_club_ja
s00000001671069,https://okcaddie.net/course/sample_golf_club_ja?lang=ko
s00000001671069,https://okcaddie.net/course/sample_golf_club_ko
s00000001671069,https://okcaddie.net/course/sample_golf_club_ko?lang=ko
s00000001671069,https://okcaddie.net/course/sanda_golf_club_en
s00000001671069,https://okcaddie.net/course/sanda_golf_club_en?lang=ko
s00000001671069,https://okcaddie.net/course/sanda_golf_club_ja
s00000001671069,https://okcaddie.net/course/sanda_golf_club_ja?lang=ko
s00000001671069,https://okcaddie.net/course/sanda_golf_club_ko
s00000001671069,https://okcaddie.net/course/sanda_golf_club_ko?lang=ko
s00000001671069,https://okcaddie.net/course/sapporo_country_club_en
s00000001671069,https://okcaddie.net/course/sapporo_country_club_en?lang=ko
s00000001671069,https://okcaddie.net/course/sapporo_country_club_ja
s00000001671069,https://okcaddie.net/course/sapporo_country_club_ja?lang=ko
s00000001671069,https://okcaddie.net/course/sapporo_country_club_ko
s00000001671069,https://okcaddie.net/course/sapporo_country_club_ko?lang=ko
s00000001671069,https://okcaddie.net/course/sapporo_golf_club_wattsu_course_en
s00000001671069,https://okcaddie.net/course/sapporo_golf_club_wattsu_course_en?lang=ko
s00000001671069,https://okcaddie.net/course/sapporo_golf_club_wattsu_course_ja
s00000001671069,https://okcaddie.net/course/sapporo_golf_club_wattsu_course_ja?lang=ko
s00000001671069,https://okcaddie.net/course/sapporo_golf_club_wattsu_course_ko
s00000001671069,https://okcaddie.net/course/sapporo_golf_club_wattsu_course_ko?lang=ko
s00000001671069,https://okcaddie.net/course/satsuma_resort_golf_club_en
s00000001671069,https://okcaddie.net/course/satsuma_resort_golf_club_en?lang=ko
s00000001671069,https://okcaddie.net/course/satsuma_resort_golf_club_ja
s00000001671069,https://okcaddie.net/course/satsuma_resort_golf_club_ja?lang=ko
s00000001671069,https://okcaddie.net/course/satsuma_resort_golf_club_ko
s00000001671069,https://okcaddie.net/course/satsuma_resort_golf_club_ko?lang=ko
s00000001671069,https://okcaddie.net/course/sayama_golf_club_en
s00000001671069,https://okcaddie.net/course/sayama_golf_club_en?lang=ko
s00000001671069,https://okcaddie.net/course/sayama_golf_club_ja
s00000001671069,https://okcaddie.net/course/sayama_golf_club_ja?lang=ko
s00000001671069,https://okcaddie.net/course/sayama_golf_club_ko
s00000001671069,https://okcaddie.net/course/sayama_golf_club_ko?lang=ko
s00000001671069,https://okcaddie.net/course/sendai_country_club_en
s00000001671069,https://okcaddie.net/course/sendai_country_club_en?lang=ko
s00000001671069,https://okcaddie.net/course/sendai_country_club_ja
s00000001671069,https://okcaddie.net/course/sendai_country_club_ja?lang=ko
s00000001671069,https://okcaddie.net/course/seta_golf_course_north_en
s00000001671069,https://okcaddie.net/course/seta_golf_course_north_en?lang=ko
s00000001671069,https://okcaddie.net/course/seta_golf_course_north_ja
s00000001671069,https://okcaddie.net/course/seta_golf_course_north_ja?lang=ko
s00000001671069,https://okcaddie.net/course/seta_golf_course_north_ko
s00000001671069,https://okcaddie.net/course/seta_golf_course_north_ko?lang=ko
s00000001671069,https://okcaddie.net/course/seto_inland_sea_golf_en
s00000001671069,https://okcaddie.net/course/seto_inland_sea_golf_en?lang=ko
s00000001671069,https://okcaddie.net/course/seto_inland_sea_golf_ja
s00000001671069,https://okcaddie.net/course/seto_inland_sea_golf_ja?lang=ko
s00000001671069,https://okcaddie.net/course/seto_inland_sea_golf_ko
s00000001671069,https://okcaddie.net/course/seto_inland_sea_golf_ko?lang=ko
s00000001671069,https://okcaddie.net/course/shima_country_club_en
s00000001671069,https://okcaddie.net/course/shima_country_club_en?lang=ko
s00000001671069,https://okcaddie.net/course/shima_country_club_ja
s00000001671069,https://okcaddie.net/course/shima_country_club_ja?lang=ko
s00000001671069,https://okcaddie.net/course/shima_country_club_ko
s00000001671069,https://okcaddie.net/course/shima_country_club_ko?lang=ko
s00000001671069,https://okcaddie.net/course/shimonoseki_golf_club_en
s00000001671069,https://okcaddie.net/course/shimonoseki_golf_club_en?lang=ko
s00000001671069,https://okcaddie.net/course/shimonoseki_golf_club_ja
s00000001671069,https://okcaddie.net/course/shimonoseki_golf_club_ja?lang=ko
s00000001671069,https://okcaddie.net/course/shimonoseki_golf_club_ko
s00000001671069,https://okcaddie.net/course/shimonoseki_golf_club_ko?lang=ko
s00000001671069,https://okcaddie.net/course/shishido_hills_country_club_en
s00000001671069,https://okcaddie.net/course/shishido_hills_country_club_en?lang=ko
s00000001671069,https://okcaddie.net/course/shishido_hills_country_club_ja
s00000001671069,https://okcaddie.net/course/shishido_hills_country_club_ja?lang=ko
s00000001671069,https://okcaddie.net/course/shishido_hills_country_club_ko
s00000001671069,https://okcaddie.net/course/shishido_hills_country_club_ko?lang=ko
s00000001671069,https://okcaddie.net/course/shizukuishi_golf_course_en
s00000001671069,https://okcaddie.net/course/shizukuishi_golf_course_en?lang=ko
s00000001671069,https://okcaddie.net/course/shizukuishi_golf_course_ja
s00000001671069,https://okcaddie.net/course/shizukuishi_golf_course_ja?lang=ko
s00000001671069,https://okcaddie.net/course/shizukuishi_golf_course_ko
s00000001671069,https://okcaddie.net/course/shizukuishi_golf_course_ko?lang=ko
s00000001671069,https://okcaddie.net/course/shizuoka_hamamatsu_course_en
s00000001671069,https://okcaddie.net/course/shizuoka_hamamatsu_course_en?lang=ko
s00000001671069,https://okcaddie.net/course/shizuoka_hamamatsu_course_ja
s00000001671069,https://okcaddie.net/course/shizuoka_hamamatsu_course_ja?lang=ko
s00000001671069,https://okcaddie.net/course/shizuoka_hamamatsu_course_ko
s00000001671069,https://okcaddie.net/course/shizuoka_hamamatsu_course_ko?lang=ko
s00000001671069,https://okcaddie.net/course/sodegaura_country_club_en
s00000001671069,https://okcaddie.net/course/sodegaura_country_club_en?lang=ko
s00000001671069,https://okcaddie.net/course/sodegaura_country_club_ja
s00000001671069,https://okcaddie.net/course/sodegaura_country_club_ja?lang=ko
s00000001671069,https://okcaddie.net/course/sodegaura_country_club_ko
s00000001671069,https://okcaddie.net/course/sodegaura_country_club_ko?lang=ko
s00000001671069,https://okcaddie.net/course/southern_links_en
s00000001671069,https://okcaddie.net/course/southern_links_en?lang=ko
s00000001671069,https://okcaddie.net/course/southern_links_golf_club_en
s00000001671069,https://okcaddie.net/course/southern_links_golf_club_en?lang=ko
s00000001671069,https://okcaddie.net/course/southern_links_golf_club_ja
s00000001671069,https://okcaddie.net/course/southern_links_golf_club_ja?lang=ko
s00000001671069,https://okcaddie.net/course/southern_links_golf_club_ko
s00000001671069,https://okcaddie.net/course/southern_links_golf_club_ko?lang=ko
s00000001671069,https://okcaddie.net/course/southern_links_ja
s00000001671069,https://okcaddie.net/course/southern_links_ja?lang=ko
s00000001671069,https://okcaddie.net/course/southern_links_ko
s00000001671069,https://okcaddie.net/course/southern_links_ko?lang=ko
s00000001671069,https://okcaddie.net/course/spa_resort_hawaiians_golf_en
s00000001671069,https://okcaddie.net/course/spa_resort_hawaiians_golf_en?lang=ko
s00000001671069,https://okcaddie.net/course/spa_resort_hawaiians_golf_ja
s00000001671069,https://okcaddie.net/course/spa_resort_hawaiians_golf_ja?lang=ko
s00000001671069,https://okcaddie.net/course/spa_resort_hawaiians_golf_ko
s00000001671069,https://okcaddie.net/course/spa_resort_hawaiians_golf_ko?lang=ko
s00000001671069,https://okcaddie.net/course/suwa_lake_view_golf_club_en
s00000001671069,https://okcaddie.net/course/suwa_lake_view_golf_club_en?lang=ko
s00000001671069,https://okcaddie.net/course/suwa_lake_view_golf_club_ja
s00000001671069,https://okcaddie.net/course/suwa_lake_view_golf_club_ja?lang=ko
s00000001671069,https://okcaddie.net/course/suwa_lake_view_golf_club_ko
s00000001671069,https://okcaddie.net/course/suwa_lake_view_golf_club_ko?lang=ko
s00000001671069,https://okcaddie.net/course/taiheiyo_club_gotemba_course_en
s00000001671069,https://okcaddie.net/course/taiheiyo_club_gotemba_course_en?lang=ko
s00000001671069,https://okcaddie.net/course/taiheiyo_club_gotemba_course_ja
s00000001671069,https://okcaddie.net/course/taiheiyo_club_gotemba_course_ja?lang=ko
s00000001671069,https://okcaddie.net/course/taiheiyo_club_gotemba_course_ko
s00000001671069,https://okcaddie.net/course/taiheiyo_club_gotemba_course_ko?lang=ko
s00000001671069,https://okcaddie.net/course/takachiho_country_club_en
s00000001671069,https://okcaddie.net/course/takachiho_country_club_en?lang=ko
s00000001671069,https://okcaddie.net/course/takachiho_country_club_ja
s00000001671069,https://okcaddie.net/course/takachiho_country_club_ja?lang=ko
s00000001671069,https://okcaddie.net/course/takachiho_country_club_ko
s00000001671069,https://okcaddie.net/course/takachiho_country_club_ko?lang=ko
s00000001671069,https://okcaddie.net/course/takamatsu_country_club_en
s00000001671069,https://okcaddie.net/course/takamatsu_country_club_en?lang=ko
s00000001671069,https://okcaddie.net/course/takamatsu_country_club_ja
s00000001671069,https://okcaddie.net/course/takamatsu_country_club_ja?lang=ko
s00000001671069,https://okcaddie.net/course/takamatsu_country_club_ko
s00000001671069,https://okcaddie.net/course/takamatsu_country_club_ko?lang=ko
s00000001671069,https://okcaddie.net/course/takamatsu_gold_country_club_en
s00000001671069,https://okcaddie.net/course/takamatsu_gold_country_club_en?lang=ko
s00000001671069,https://okcaddie.net/course/takamatsu_gold_country_club_ja
s00000001671069,https://okcaddie.net/course/takamatsu_gold_country_club_ja?lang=ko
s00000001671069,https://okcaddie.net/course/takamatsu_gold_country_club_ko
s00000001671069,https://okcaddie.net/course/takamatsu_gold_country_club_ko?lang=ko
s00000001671069,https://okcaddie.net/course/takanodai_country_club_en
s00000001671069,https://okcaddie.net/course/takanodai_country_club_en?lang=ko
s00000001671069,https://okcaddie.net/course/takanodai_country_club_ja
s00000001671069,https://okcaddie.net/course/takanodai_country_club_ja?lang=ko
s00000001671069,https://okcaddie.net/course/takanodai_country_club_ko
s00000001671069,https://okcaddie.net/course/takanodai_country_club_ko?lang=ko
s00000001671069,https://okcaddie.net/course/takarazuka_golf_club_en
s00000001671069,https://okcaddie.net/course/takarazuka_golf_club_en?lang=ko
s00000001671069,https://okcaddie.net/course/takarazuka_golf_club_ja
s00000001671069,https://okcaddie.net/course/takarazuka_golf_club_ja?lang=ko
s00000001671069,https://okcaddie.net/course/takarazuka_golf_club_ko
s00000001671069,https://okcaddie.net/course/takarazuka_golf_club_ko?lang=ko
s00000001671069,https://okcaddie.net/course/tan_son_nhat_golf_en
s00000001671069,https://okcaddie.net/course/tan_son_nhat_golf_en?lang=ko
s00000001671069,https://okcaddie.net/course/tan_son_nhat_golf_ja
s00000001671069,https://okcaddie.net/course/tan_son_nhat_golf_ja?lang=ko
s00000001671069,https://okcaddie.net/course/tan_son_nhat_golf_ko
s00000001671069,https://okcaddie.net/course/tan_son_nhat_golf_ko?lang=ko
s00000001671069,https://okcaddie.net/course/tateshina_highland_golf_club_en
s00000001671069,https://okcaddie.net/course/tateshina_highland_golf_club_en?lang=ko
s00000001671069,https://okcaddie.net/course/tateshina_highland_golf_club_ja
s00000001671069,https://okcaddie.net/course/tateshina_highland_golf_club_ja?lang=ko
s00000001671069,https://okcaddie.net/course/tateshina_highland_golf_club_ko
s00000001671069,https://okcaddie.net/course/tateshina_highland_golf_club_ko?lang=ko
s00000001671069,https://okcaddie.net/course/thai_country_club_en
s00000001671069,https://okcaddie.net/course/thai_country_club_en?lang=ko
s00000001671069,https://okcaddie.net/course/thai_country_club_ja
s00000001671069,https://okcaddie.net/course/thai_country_club_ja?lang=ko
s00000001671069,https://okcaddie.net/course/thai_country_club_ko
s00000001671069,https://okcaddie.net/course/thai_country_club_ko?lang=ko
s00000001671069,https://okcaddie.net/course/thana_city_golf_en
s00000001671069,https://okcaddie.net/course/thana_city_golf_en?lang=ko
s00000001671069,https://okcaddie.net/course/thana_city_golf_ja
s00000001671069,https://okcaddie.net/course/thana_city_golf_ja?lang=ko
s00000001671069,https://okcaddie.net/course/thana_city_golf_ko
s00000001671069,https://okcaddie.net/course/thana_city_golf_ko?lang=ko
s00000001671069,https://okcaddie.net/course/the_country_club_japan_en
s00000001671069,https://okcaddie.net/course/the_country_club_japan_en?lang=ko
s00000001671069,https://okcaddie.net/course/the_country_club_japan_ja
s00000001671069,https://okcaddie.net/course/the_country_club_japan_ja?lang=ko
s00000001671069,https://okcaddie.net/course/the_country_club_japan_ko
s00000001671069,https://okcaddie.net/course/the_country_club_japan_ko?lang=ko
s00000001671069,https://okcaddie.net/course/the_masters_amakusa_course_en
s00000001671069,https://okcaddie.net/course/the_masters_amakusa_course_en?lang=ko
s00000001671069,https://okcaddie.net/course/the_masters_amakusa_course_ja
s00000001671069,https://okcaddie.net/course/the_masters_amakusa_course_ja?lang=ko
s00000001671069,https://okcaddie.net/course/the_masters_amakusa_course_ko
s00000001671069,https://okcaddie.net/course/the_masters_amakusa_course_ko?lang=ko
s00000001671069,https://okcaddie.net/course/the_north_country_golf_club_en
s00000001671069,https://okcaddie.net/course/the_north_country_golf_club_en?lang=ko
s00000001671069,https://okcaddie.net/course/the_north_country_golf_club_ja
s00000001671069,https://okcaddie.net/course/the_north_country_golf_club_ja?lang=ko
s00000001671069,https://okcaddie.net/course/the_north_country_golf_club_ko
s00000001671069,https://okcaddie.net/course/the_north_country_golf_club_ko?lang=ko
s00000001671069,https://okcaddie.net/course/the_royal_golf_club_en
s00000001671069,https://okcaddie.net/course/the_royal_golf_club_en?lang=ko
s00000001671069,https://okcaddie.net/course/the_royal_golf_club_ja
s00000001671069,https://okcaddie.net/course/the_royal_golf_club_ja?lang=ko
s00000001671069,https://okcaddie.net/course/the_royal_golf_club_ko
s00000001671069,https://okcaddie.net/course/the_royal_golf_club_ko?lang=ko
s00000001671069,https://okcaddie.net/course/the_southern_links_resort_en
s00000001671069,https://okcaddie.net/course/the_southern_links_resort_en?lang=ko
s00000001671069,https://okcaddie.net/course/the_southern_links_resort_ja
s00000001671069,https://okcaddie.net/course/the_southern_links_resort_ja?lang=ko
s00000001671069,https://okcaddie.net/course/the_southern_links_resort_ko
s00000001671069,https://okcaddie.net/course/the_southern_links_resort_ko?lang=ko
s00000001671069,https://okcaddie.net/course/the_windsor_golf_course_en
s00000001671069,https://okcaddie.net/course/the_windsor_golf_course_en?lang=ko
s00000001671069,https://okcaddie.net/course/the_windsor_golf_course_ja
s00000001671069,https://okcaddie.net/course/the_windsor_golf_course_ja?lang=ko
s00000001671069,https://okcaddie.net/course/the_windsor_golf_course_ko
s00000001671069,https://okcaddie.net/course/the_windsor_golf_course_ko?lang=ko
s00000001671069,https://okcaddie.net/course/toba_country_club_en
s00000001671069,https://okcaddie.net/course/toba_country_club_en?lang=ko
s00000001671069,https://okcaddie.net/course/toba_country_club_ja
s00000001671069,https://okcaddie.net/course/toba_country_club_ja?lang=ko
s00000001671069,https://okcaddie.net/course/toba_country_club_ko
s00000001671069,https://okcaddie.net/course/toba_country_club_ko?lang=ko
s00000001671069,https://okcaddie.net/course/tokushima_golf_club_en
s00000001671069,https://okcaddie.net/course/tokushima_golf_club_en?lang=ko
s00000001671069,https://okcaddie.net/course/tokushima_golf_club_ja
s00000001671069,https://okcaddie.net/course/tokushima_golf_club_ja?lang=ko
s00000001671069,https://okcaddie.net/course/tokushima_golf_club_ko
s00000001671069,https://okcaddie.net/course/tokushima_golf_club_ko?lang=ko
s00000001671069,https://okcaddie.net/course/tokyo_golf_club_en
s00000001671069,https://okcaddie.net/course/tokyo_golf_club_en?lang=ko
s00000001671069,https://okcaddie.net/course/tokyo_golf_club_ja
s00000001671069,https://okcaddie.net/course/tokyo_golf_club_ja?lang=ko
s00000001671069,https://okcaddie.net/course/tokyo_golf_club_ko
s00000001671069,https://okcaddie.net/course/tokyo_golf_club_ko?lang=ko
s00000001671069,https://okcaddie.net/course/tom_watson_golf_course_en
s00000001671069,https://okcaddie.net/course/tom_watson_golf_course_en?lang=ko
s00000001671069,https://okcaddie.net/course/tom_watson_golf_course_ja
s00000001671069,https://okcaddie.net/course/tom_watson_golf_course_ja?lang=ko
s00000001671069,https://okcaddie.net/course/tom_watson_golf_course_ko
s00000001671069,https://okcaddie.net/course/tom_watson_golf_course_ko?lang=ko
s00000001671069,https://okcaddie.net/course/totsuka_country_club_en
s00000001671069,https://okcaddie.net/course/totsuka_country_club_en?lang=ko
s00000001671069,https://okcaddie.net/course/totsuka_country_club_ja
s00000001671069,https://okcaddie.net/course/totsuka_country_club_ja?lang=ko
s00000001671069,https://okcaddie.net/course/totsuka_country_club_ko
s00000001671069,https://okcaddie.net/course/totsuka_country_club_ko?lang=ko
s00000001671069,https://okcaddie.net/course/towada_highland_golf_club_en
s00000001671069,https://okcaddie.net/course/towada_highland_golf_club_en?lang=ko
s00000001671069,https://okcaddie.net/course/towada_highland_golf_club_ja
s00000001671069,https://okcaddie.net/course/towada_highland_golf_club_ja?lang=ko
s00000001671069,https://okcaddie.net/course/towada_highland_golf_club_ko
s00000001671069,https://okcaddie.net/course/towada_highland_golf_club_ko?lang=ko
s00000001671069,https://okcaddie.net/course/toyama_kokusai_golf_en
s00000001671069,https://okcaddie.net/course/toyama_kokusai_golf_en?lang=ko
s00000001671069,https://okcaddie.net/course/toyama_kokusai_golf_ja
s00000001671069,https://okcaddie.net/course/toyama_kokusai_golf_ja?lang=ko
s00000001671069,https://okcaddie.net/course/toyama_kokusai_golf_ko
s00000001671069,https://okcaddie.net/course/toyama_kokusai_golf_ko?lang=ko
s00000001671069,https://okcaddie.net/course/turtle_bay_palmer_en
s00000001671069,https://okcaddie.net/course/turtle_bay_palmer_en?lang=ko
s00000001671069,https://okcaddie.net/course/turtle_bay_palmer_ja
s00000001671069,https://okcaddie.net/course/turtle_bay_palmer_ja?lang=ko
s00000001671069,https://okcaddie.net/course/turtle_bay_palmer_ko
s00000001671069,https://okcaddie.net/course/turtle_bay_palmer_ko?lang=ko
s00000001671069,https://okcaddie.net/course/ube_72_country_club_en
s00000001671069,https://okcaddie.net/course/ube_72_country_club_en?lang=ko
s00000001671069,https://okcaddie.net/course/ube_72_country_club_ja
s00000001671069,https://okcaddie.net/course/ube_72_country_club_ja?lang=ko
s00000001671069,https://okcaddie.net/course/ube_72_country_club_ko
s00000001671069,https://okcaddie.net/course/ube_72_country_club_ko?lang=ko
s00000001671069,https://okcaddie.net/course/ueda_sugadaira_kogen_golf_en
s00000001671069,https://okcaddie.net/course/ueda_sugadaira_kogen_golf_en?lang=ko
s00000001671069,https://okcaddie.net/course/ueda_sugadaira_kogen_golf_ja
s00000001671069,https://okcaddie.net/course/ueda_sugadaira_kogen_golf_ja?lang=ko
s00000001671069,https://okcaddie.net/course/ueda_sugadaira_kogen_golf_ko
s00000001671069,https://okcaddie.net/course/ueda_sugadaira_kogen_golf_ko?lang=ko
s00000001671069,https://okcaddie.net/course/waikele_country_club_en
s00000001671069,https://okcaddie.net/course/waikele_country_club_en?lang=ko
s00000001671069,https://okcaddie.net/course/waikele_country_club_ja
s00000001671069,https://okcaddie.net/course/waikele_country_club_ja?lang=ko
s00000001671069,https://okcaddie.net/course/waikele_country_club_ko
s00000001671069,https://okcaddie.net/course/waikele_country_club_ko?lang=ko
s00000001671069,https://okcaddie.net/course/wakagi_golf_club_en
s00000001671069,https://okcaddie.net/course/wakagi_golf_club_en?lang=ko
s00000001671069,https://okcaddie.net/course/wakagi_golf_club_ja
s00000001671069,https://okcaddie.net/course/wakagi_golf_club_ja?lang=ko
s00000001671069,https://okcaddie.net/course/wakagi_golf_club_ko
s00000001671069,https://okcaddie.net/course/wakagi_golf_club_ko?lang=ko
s00000001671069,https://okcaddie.net/course/wakamatsu_golf_club_en
s00000001671069,https://okcaddie.net/course/wakamatsu_golf_club_en?lang=ko
s00000001671069,https://okcaddie.net/course/wakamatsu_golf_club_ja
s00000001671069,https://okcaddie.net/course/wakamatsu_golf_club_ja?lang=ko
s00000001671069,https://okcaddie.net/course/wakamatsu_golf_club_ko
s00000001671069,https://okcaddie.net/course/wakamatsu_golf_club_ko?lang=ko
s00000001671069,https://okcaddie.net/course/wakayama_golf_club_en
s00000001671069,https://okcaddie.net/course/wakayama_golf_club_en?lang=ko
s00000001671069,https://okcaddie.net/course/wakayama_golf_club_ja
s00000001671069,https://okcaddie.net/course/wakayama_golf_club_ja?lang=ko
s00000001671069,https://okcaddie.net/course/wakayama_golf_club_ko
s00000001671069,https://okcaddie.net/course/wakayama_golf_club_ko?lang=ko
s00000001671069,https://okcaddie.net/course/yamanashi_fuji_golf_en
s00000001671069,https://okcaddie.net/course/yamanashi_fuji_golf_en?lang=ko
s00000001671069,https://okcaddie.net/course/yamanashi_fuji_golf_ja
s00000001671069,https://okcaddie.net/course/yamanashi_fuji_golf_ja?lang=ko
s00000001671069,https://okcaddie.net/course/yamanashi_fuji_golf_ko
s00000001671069,https://okcaddie.net/course/yamanashi_fuji_golf_ko?lang=ko
s00000001671069,https://okcaddie.net/course/yokohama_country_club_en
s00000001671069,https://okcaddie.net/course/yokohama_country_club_en?lang=ko
s00000001671069,https://okcaddie.net/course/yokohama_country_club_ja
s00000001671069,https://okcaddie.net/course/yokohama_country_club_ja?lang=ko
s00000001671069,https://okcaddie.net/course/yokohama_country_club_ko
s00000001671069,https://okcaddie.net/course/yokohama_country_club_ko?lang=ko
s00000001671069,https://okcaddie.net/course/zao_country_club_en
s00000001671069,https://okcaddie.net/course/zao_country_club_en?lang=ko
s00000001671069,https://okcaddie.net/course/zao_country_club_ja
s00000001671069,https://okcaddie.net/course/zao_country_club_ja?lang=ko
s00000001671069,https://okcaddie.net/course/zao_country_club_ko
s00000001671069,https://okcaddie.net/course/zao_country_club_ko?lang=ko
s00000001671069,https://okcaddie.net/guide/autumn-leaves-golf_en
s00000001671069,https://okcaddie.net/guide/autumn-leaves-golf_en?lang=ko
s00000001671069,https://okcaddie.net/guide/autumn-leaves-golf_ja
s00000001671069,https://okcaddie.net/guide/autumn-leaves-golf_ja?lang=ko
s00000001671069,https://okcaddie.net/guide/autumn-leaves-golf_ko
s00000001671069,https://okcaddie.net/guide/autumn-leaves-golf_ko?lang=ko
s00000001671069,https://okcaddie.net/guide/beginner-friendly-courses_en
s00000001671069,https://okcaddie.net/guide/beginner-friendly-courses_en?lang=ko
s00000001671069,https://okcaddie.net/guide/beginner-friendly-courses_ja
s00000001671069,https://okcaddie.net/guide/beginner-friendly-courses_ja?lang=ko
s00000001671069,https://okcaddie.net/guide/beginner-friendly-courses_ko
s00000001671069,https://okcaddie.net/guide/beginner-friendly-courses_ko?lang=ko
s00000001671069,https://okcaddie.net/guide/best-golf-restaurants_en
s00000001671069,https://okcaddie.net/guide/best-golf-restaurants_en?lang=ko
s00000001671069,https://okcaddie.net/guide/best-golf-restaurants_ja
s00000001671069,https://okcaddie.net/guide/best-golf-restaurants_ja?lang=ko
s00000001671069,https://okcaddie.net/guide/best-golf-restaurants_ko
s00000001671069,https://okcaddie.net/guide/best-golf-restaurants_ko?lang=ko
s00000001671069,https://okcaddie.net/guide/best-winter-golf_en
s00000001671069,https://okcaddie.net/guide/best-winter-golf_en?lang=ko
s00000001671069,https://okcaddie.net/guide/best-winter-golf_ja
s00000001671069,https://okcaddie.net/guide/best-winter-golf_ja?lang=ko
s00000001671069,https://okcaddie.net/guide/best-winter-golf_ko
s00000001671069,https://okcaddie.net/guide/best-winter-golf_ko?lang=ko
s00000001671069,https://okcaddie.net/guide/booking-tips-japan_en
s00000001671069,https://okcaddie.net/guide/booking-tips-japan_en?lang=ko
s00000001671069,https://okcaddie.net/guide/booking-tips-japan_ja
s00000001671069,https://okcaddie.net/guide/booking-tips-japan_ja?lang=ko
s00000001671069,https://okcaddie.net/guide/booking-tips-japan_ko
s00000001671069,https://okcaddie.net/guide/booking-tips-japan_ko?lang=ko
s00000001671069,https://okcaddie.net/guide/caddy-tip-culture_en
s00000001671069,https://okcaddie.net/guide/caddy-tip-culture_en?lang=ko
s00000001671069,https://okcaddie.net/guide/caddy-tip-culture_ja
s00000001671069,https://okcaddie.net/guide/caddy-tip-culture_ja?lang=ko
s00000001671069,https://okcaddie.net/guide/caddy-tip-culture_ko
s00000001671069,https://okcaddie.net/guide/caddy-tip-culture_ko?lang=ko
s00000001671069,https://okcaddie.net/guide/chiba-golf-paradise_en
s00000001671069,https://okcaddie.net/guide/chiba-golf-paradise_en?lang=ko
s00000001671069,https://okcaddie.net/guide/chiba-golf-paradise_ja
s00000001671069,https://okcaddie.net/guide/chiba-golf-paradise_ja?lang=ko
s00000001671069,https://okcaddie.net/guide/chiba-golf-paradise_ko
s00000001671069,https://okcaddie.net/guide/chiba-golf-paradise_ko?lang=ko
s00000001671069,https://okcaddie.net/guide/dress-code-guide_en
s00000001671069,https://okcaddie.net/guide/dress-code-guide_en?lang=ko
s00000001671069,https://okcaddie.net/guide/dress-code-guide_ja
s00000001671069,https://okcaddie.net/guide/dress-code-guide_ja?lang=ko
s00000001671069,https://okcaddie.net/guide/dress-code-guide_ko
s00000001671069,https://okcaddie.net/guide/dress-code-guide_ko?lang=ko
s00000001671069,https://okcaddie.net/guide/driving-cart-rules_en
s00000001671069,https://okcaddie.net/guide/driving-cart-rules_en?lang=ko
s00000001671069,https://okcaddie.net/guide/driving-cart-rules_ja
s00000001671069,https://okcaddie.net/guide/driving-cart-rules_ja?lang=ko
s00000001671069,https://okcaddie.net/guide/driving-cart-rules_ko
s00000001671069,https://okcaddie.net/guide/driving-cart-rules_ko?lang=ko
s00000001671069,https://okcaddie.net/guide/driving-distance-etiquette_en
s00000001671069,https://okcaddie.net/guide/driving-distance-etiquette_en?lang=ko
s00000001671069,https://okcaddie.net/guide/driving-distance-etiquette_ja
s00000001671069,https://okcaddie.net/guide/driving-distance-etiquette_ja?lang=ko
s00000001671069,https://okcaddie.net/guide/driving-distance-etiquette_ko
s00000001671069,https://okcaddie.net/guide/driving-distance-etiquette_ko?lang=ko
s00000001671069,https://okcaddie.net/guide/golf-and-shopping-gotemba_en
s00000001671069,https://okcaddie.net/guide/golf-and-shopping-gotemba_en?lang=ko
s00000001671069,https://okcaddie.net/guide/golf-and-shopping-gotemba_ja
s00000001671069,https://okcaddie.net/guide/golf-and-shopping-gotemba_ja?lang=ko
s00000001671069,https://okcaddie.net/guide/golf-and-shopping-gotemba_ko
s00000001671069,https://okcaddie.net/guide/golf-and-shopping-gotemba_ko?lang=ko
s00000001671069,https://okcaddie.net/guide/golf-etiquette-japan_en
s00000001671069,https://okcaddie.net/guide/golf-etiquette-japan_en?lang=ko
s00000001671069,https://okcaddie.net/guide/golf-etiquette-japan_ja
s00000001671069,https://okcaddie.net/guide/golf-etiquette-japan_ja?lang=ko
s00000001671069,https://okcaddie.net/guide/golf-etiquette-japan_ko
s00000001671069,https://okcaddie.net/guide/golf-etiquette-japan_ko?lang=ko
s00000001671069,https://okcaddie.net/guide/golf-language-essentials_en
s00000001671069,https://okcaddie.net/guide/golf-language-essentials_en?lang=ko
s00000001671069,https://okcaddie.net/guide/golf-language-essentials_ja
s00000001671069,https://okcaddie.net/guide/golf-language-essentials_ja?lang=ko
s00000001671069,https://okcaddie.net/guide/golf-language-essentials_ko
s00000001671069,https://okcaddie.net/guide/golf-language-essentials_ko?lang=ko
s00000001671069,https://okcaddie.net/guide/golf-tax-exemption_en
s00000001671069,https://okcaddie.net/guide/golf-tax-exemption_en?lang=ko
s00000001671069,https://okcaddie.net/guide/golf-tax-exemption_ja
s00000001671069,https://okcaddie.net/guide/golf-tax-exemption_ja?lang=ko
s00000001671069,https://okcaddie.net/guide/golf-tax-exemption_ko
s00000001671069,https://okcaddie.net/guide/golf-tax-exemption_ko?lang=ko
s00000001671069,https://okcaddie.net/guide/golf-trolley-experience_en
s00000001671069,https://okcaddie.net/guide/golf-trolley-experience_en?lang=ko
s00000001671069,https://okcaddie.net/guide/golf-trolley-experience_ja
s00000001671069,https://okcaddie.net/guide/golf-trolley-experience_ja?lang=ko
s00000001671069,https://okcaddie.net/guide/golf-trolley-experience_ko
s00000001671069,https://okcaddie.net/guide/golf-trolley-experience_ko?lang=ko
s00000001671069,https://okcaddie.net/guide/golfing-with-kids_en
s00000001671069,https://okcaddie.net/guide/golfing-with-kids_en?lang=ko
s00000001671069,https://okcaddie.net/guide/golfing-with-kids_ja
s00000001671069,https://okcaddie.net/guide/golfing-with-kids_ja?lang=ko
s00000001671069,https://okcaddie.net/guide/golfing-with-kids_ko
s00000001671069,https://okcaddie.net/guide/golfing-with-kids_ko?lang=ko
s00000001671069,https://okcaddie.net/guide/half-time-lunch_en
s00000001671069,https://okcaddie.net/guide/half-time-lunch_en?lang=ko
s00000001671069,https://okcaddie.net/guide/half-time-lunch_ja
s00000001671069,https://okcaddie.net/guide/half-time-lunch_ja?lang=ko
s00000001671069,https://okcaddie.net/guide/half-time-lunch_ko
s00000001671069,https://okcaddie.net/guide/half-time-lunch_ko?lang=ko
s00000001671069,https://okcaddie.net/guide/high-altitude-golf_en
s00000001671069,https://okcaddie.net/guide/high-altitude-golf_en?lang=ko
s00000001671069,https://okcaddie.net/guide/high-altitude-golf_ja
s00000001671069,https://okcaddie.net/guide/high-altitude-golf_ja?lang=ko
s00000001671069,https://okcaddie.net/guide/high-altitude-golf_ko
s00000001671069,https://okcaddie.net/guide/high-altitude-golf_ko?lang=ko
s00000001671069,https://okcaddie.net/guide/hokkaido-summer-golf_en
s00000001671069,https://okcaddie.net/guide/hokkaido-summer-golf_en?lang=ko
s00000001671069,https://okcaddie.net/guide/hokkaido-summer-golf_ja
s00000001671069,https://okcaddie.net/guide/hokkaido-summer-golf_ja?lang=ko
s00000001671069,https://okcaddie.net/guide/hokkaido-summer-golf_ko
s00000001671069,https://okcaddie.net/guide/hokkaido-summer-golf_ko?lang=ko
s00000001671069,https://okcaddie.net/guide/hyogo-the-golf-kingdom_en
s00000001671069,https://okcaddie.net/guide/hyogo-the-golf-kingdom_en?lang=ko
s00000001671069,https://okcaddie.net/guide/hyogo-the-golf-kingdom_ja
s00000001671069,https://okcaddie.net/guide/hyogo-the-golf-kingdom_ja?lang=ko
s00000001671069,https://okcaddie.net/guide/hyogo-the-golf-kingdom_ko
s00000001671069,https://okcaddie.net/guide/hyogo-the-golf-kingdom_ko?lang=ko
s00000001671069,https://okcaddie.net/guide/ibaraki-hidden-gems_en
s00000001671069,https://okcaddie.net/guide/ibaraki-hidden-gems_en?lang=ko
s00000001671069,https://okcaddie.net/guide/ibaraki-hidden-gems_ja
s00000001671069,https://okcaddie.net/guide/ibaraki-hidden-gems_ja?lang=ko
s00000001671069,https://okcaddie.net/guide/ibaraki-hidden-gems_ko
s00000001671069,https://okcaddie.net/guide/ibaraki-hidden-gems_ko?lang=ko
s00000001671069,https://okcaddie.net/guide/kansai-golf-weekend_en
s00000001671069,https://okcaddie.net/guide/kansai-golf-weekend_en?lang=ko
s00000001671069,https://okcaddie.net/guide/kansai-golf-weekend_ja
s00000001671069,https://okcaddie.net/guide/kansai-golf-weekend_ja?lang=ko
s00000001671069,https://okcaddie.net/guide/kansai-golf-weekend_ko
s00000001671069,https://okcaddie.net/guide/kansai-golf-weekend_ko?lang=ko
s00000001671069,https://okcaddie.net/guide/kobe-golf-history_en
s00000001671069,https://okcaddie.net/guide/kobe-golf-history_en?lang=ko
s00000001671069,https://okcaddie.net/guide/kobe-golf-history_ja
s00000001671069,https://okcaddie.net/guide/kobe-golf-history_ja?lang=ko
s00000001671069,https://okcaddie.net/guide/kobe-golf-history_ko
s00000001671069,https://okcaddie.net/guide/kobe-golf-history_ko?lang=ko
s00000001671069,https://okcaddie.net/guide/korean-friendly-courses_en
s00000001671069,https://okcaddie.net/guide/korean-friendly-courses_en?lang=ko
s00000001671069,https://okcaddie.net/guide/korean-friendly-courses_ja
s00000001671069,https://okcaddie.net/guide/korean-friendly-courses_ja?lang=ko
s00000001671069,https://okcaddie.net/guide/korean-friendly-courses_ko
s00000001671069,https://okcaddie.net/guide/korean-friendly-courses_ko?lang=ko
s00000001671069,https://okcaddie.net/guide/kyushu-golf-circuit_en
s00000001671069,https://okcaddie.net/guide/kyushu-golf-circuit_en?lang=ko
s00000001671069,https://okcaddie.net/guide/kyushu-golf-circuit_ja
s00000001671069,https://okcaddie.net/guide/kyushu-golf-circuit_ja?lang=ko
s00000001671069,https://okcaddie.net/guide/kyushu-golf-circuit_ko
s00000001671069,https://okcaddie.net/guide/kyushu-golf-circuit_ko?lang=ko
s00000001671069,https://okcaddie.net/guide/luggage-delivery-service_en
s00000001671069,https://okcaddie.net/guide/luggage-delivery-service_en?lang=ko
s00000001671069,https://okcaddie.net/guide/luggage-delivery-service_ja
s00000001671069,https://okcaddie.net/guide/luggage-delivery-service_ja?lang=ko
s00000001671069,https://okcaddie.net/guide/luggage-delivery-service_ko
s00000001671069,https://okcaddie.net/guide/luggage-delivery-service_ko?lang=ko
s00000001671069,https://okcaddie.net/guide/luxury-golf-experience_en
s00000001671069,https://okcaddie.net/guide/luxury-golf-experience_en?lang=ko
s00000001671069,https://okcaddie.net/guide/luxury-golf-experience_ja
s00000001671069,https://okcaddie.net/guide/luxury-golf-experience_ja?lang=ko
s00000001671069,https://okcaddie.net/guide/luxury-golf-experience_ko
s00000001671069,https://okcaddie.net/guide/luxury-golf-experience_ko?lang=ko
s00000001671069,https://okcaddie.net/guide/miyazaki-pro-tour-courses_en
s00000001671069,https://okcaddie.net/guide/miyazaki-pro-tour-courses_en?lang=ko
s00000001671069,https://okcaddie.net/guide/miyazaki-pro-tour-courses_ja
s00000001671069,https://okcaddie.net/guide/miyazaki-pro-tour-courses_ja?lang=ko
s00000001671069,https://okcaddie.net/guide/miyazaki-pro-tour-courses_ko
s00000001671069,https://okcaddie.net/guide/miyazaki-pro-tour-courses_ko?lang=ko
s00000001671069,https://okcaddie.net/guide/mt-fuji-view-golf_en
s00000001671069,https://okcaddie.net/guide/mt-fuji-view-golf_en?lang=ko
s00000001671069,https://okcaddie.net/guide/mt-fuji-view-golf_ja
s00000001671069,https://okcaddie.net/guide/mt-fuji-view-golf_ja?lang=ko
s00000001671069,https://okcaddie.net/guide/mt-fuji-view-golf_ko
s00000001671069,https://okcaddie.net/guide/mt-fuji-view-golf_ko?lang=ko
s00000001671069,https://okcaddie.net/guide/narita-airport-golf_en
s00000001671069,https://okcaddie.net/guide/narita-airport-golf_en?lang=ko
s00000001671069,https://okcaddie.net/guide/narita-airport-golf_ja
s00000001671069,https://okcaddie.net/guide/narita-airport-golf_ja?lang=ko
s00000001671069,https://okcaddie.net/guide/narita-airport-golf_ko
s00000001671069,https://okcaddie.net/guide/narita-airport-golf_ko?lang=ko
s00000001671069,https://okcaddie.net/guide/night-golf-japan_en
s00000001671069,https://okcaddie.net/guide/night-golf-japan_en?lang=ko
s00000001671069,https://okcaddie.net/guide/night-golf-japan_ja
s00000001671069,https://okcaddie.net/guide/night-golf-japan_ja?lang=ko
s00000001671069,https://okcaddie.net/guide/night-golf-japan_ko
s00000001671069,https://okcaddie.net/guide/night-golf-japan_ko?lang=ko
s00000001671069,https://okcaddie.net/guide/okinawa-ocean-golf_en
s00000001671069,https://okcaddie.net/guide/okinawa-ocean-golf_en?lang=ko
s00000001671069,https://okcaddie.net/guide/okinawa-ocean-golf_ja
s00000001671069,https://okcaddie.net/guide/okinawa-ocean-golf_ja?lang=ko
s00000001671069,https://okcaddie.net/guide/okinawa-ocean-golf_ko
s00000001671069,https://okcaddie.net/guide/okinawa-ocean-golf_ko?lang=ko
s00000001671069,https://okcaddie.net/guide/onsen-after-golf_en
s00000001671069,https://okcaddie.net/guide/onsen-after-golf_en?lang=ko
s00000001671069,https://okcaddie.net/guide/onsen-after-golf_ja
s00000001671069,https://okcaddie.net/guide/onsen-after-golf_ja?lang=ko
s00000001671069,https://okcaddie.net/guide/onsen-after-golf_ko
s00000001671069,https://okcaddie.net/guide/onsen-after-golf_ko?lang=ko
s00000001671069,https://okcaddie.net/guide/pga-tour-venues-japan_en
s00000001671069,https://okcaddie.net/guide/pga-tour-venues-japan_en?lang=ko
s00000001671069,https://okcaddie.net/guide/pga-tour-venues-japan_ja
s00000001671069,https://okcaddie.net/guide/pga-tour-venues-japan_ja?lang=ko
s00000001671069,https://okcaddie.net/guide/pga-tour-venues-japan_ko
s00000001671069,https://okcaddie.net/guide/pga-tour-venues-japan_ko?lang=ko
s00000001671069,https://okcaddie.net/guide/public-vs-private-access_en
s00000001671069,https://okcaddie.net/guide/public-vs-private-access_en?lang=ko
s00000001671069,https://okcaddie.net/guide/public-vs-private-access_ja
s00000001671069,https://okcaddie.net/guide/public-vs-private-access_ja?lang=ko
s00000001671069,https://okcaddie.net/guide/public-vs-private-access_ko
s00000001671069,https://okcaddie.net/guide/public-vs-private-access_ko?lang=ko
s00000001671069,https://okcaddie.net/guide/rainy-season-golf_en
s00000001671069,https://okcaddie.net/guide/rainy-season-golf_en?lang=ko
s00000001671069,https://okcaddie.net/guide/rainy-season-golf_ja
s00000001671069,https://okcaddie.net/guide/rainy-season-golf_ja?lang=ko
s00000001671069,https://okcaddie.net/guide/rainy-season-golf_ko
s00000001671069,https://okcaddie.net/guide/rainy-season-golf_ko?lang=ko
s00000001671069,https://okcaddie.net/guide/seasonal-weather-tips_en
s00000001671069,https://okcaddie.net/guide/seasonal-weather-tips_en?lang=ko
s00000001671069,https://okcaddie.net/guide/seasonal-weather-tips_ja
s00000001671069,https://okcaddie.net/guide/seasonal-weather-tips_ja?lang=ko
s00000001671069,https://okcaddie.net/guide/seasonal-weather-tips_ko
s00000001671069,https://okcaddie.net/guide/seasonal-weather-tips_ko?lang=ko
s00000001671069,https://okcaddie.net/guide/single-golfer-booking_en
s00000001671069,https://okcaddie.net/guide/single-golfer-booking_en?lang=ko
s00000001671069,https://okcaddie.net/guide/single-golfer-booking_ja
s00000001671069,https://okcaddie.net/guide/single-golfer-booking_ja?lang=ko
s00000001671069,https://okcaddie.net/guide/single-golfer-booking_ko
s00000001671069,https://okcaddie.net/guide/single-golfer-booking_ko?lang=ko
s00000001671069,https://okcaddie.net/guide/snow-country-golf-onsen_en
s00000001671069,https://okcaddie.net/guide/snow-country-golf-onsen_en?lang=ko
s00000001671069,https://okcaddie.net/guide/snow-country-golf-onsen_ja
s00000001671069,https://okcaddie.net/guide/snow-country-golf-onsen_ja?lang=ko
s00000001671069,https://okcaddie.net/guide/snow-country-golf-onsen_ko
s00000001671069,https://okcaddie.net/guide/snow-country-golf-onsen_ko?lang=ko
s00000001671069,https://okcaddie.net/guide/spring-sakura-golf_en
s00000001671069,https://okcaddie.net/guide/spring-sakura-golf_en?lang=ko
s00000001671069,https://okcaddie.net/guide/spring-sakura-golf_ja
s00000001671069,https://okcaddie.net/guide/spring-sakura-golf_ja?lang=ko
s00000001671069,https://okcaddie.net/guide/spring-sakura-golf_ko
s00000001671069,https://okcaddie.net/guide/spring-sakura-golf_ko?lang=ko
s00000001671069,https://okcaddie.net/guide/tokyo-near-golf_en
s00000001671069,https://okcaddie.net/guide/tokyo-near-golf_en?lang=ko
s00000001671069,https://okcaddie.net/guide/tokyo-near-golf_ja
s00000001671069,https://okcaddie.net/guide/tokyo-near-golf_ja?lang=ko
s00000001671069,https://okcaddie.net/guide/tokyo-near-golf_ko
s00000001671069,https://okcaddie.net/guide/tokyo-near-golf_ko?lang=ko
s00000001671069,https://okcaddie.net/guide/two-ball-play-tips_en
s00000001671069,https://okcaddie.net/guide/two-ball-play-tips_en?lang=ko
s00000001671069,https://okcaddie.net/guide/two-ball-play-tips_ja
s00000001671069,https://okcaddie.net/guide/two-ball-play-tips_ja?lang=ko
s00000001671069,https://okcaddie.net/guide/two-ball-play-tips_ko
s00000001671069,https://okcaddie.net/guide/two-ball-play-tips_ko?lang=ko
s00000001671069,https://okcaddie.net/guide/understanding-scorecards_en
s00000001671069,https://okcaddie.net/guide/understanding-scorecards_en?lang=ko
s00000001671069,https://okcaddie.net/guide/understanding-scorecards_ja
s00000001671069,https://okcaddie.net/guide/understanding-scorecards_ja?lang=ko
s00000001671069,https://okcaddie.net/guide/understanding-scorecards_ko
s00000001671069,https://okcaddie.net/guide/understanding-scorecards_ko?lang=ko
s00000001671069,https://okcaddie.net/guide/using-gps-navigation_en
s00000001671069,https://okcaddie.net/guide/using-gps-navigation_en?lang=ko
s00000001671069,https://okcaddie.net/guide/using-gps-navigation_ja
s00000001671069,https://okcaddie.net/guide/using-gps-navigation_ja?lang=ko
s00000001671069,https://okcaddie.net/guide/using-gps-navigation_ko
s00000001671069,https://okcaddie.net/guide/using-gps-navigation_ko?lang=ko
s00000001671069,https://okcaddie.net/guide/using-locker-rooms_en
s00000001671069,https://okcaddie.net/guide/using-locker-rooms_en?lang=ko
s00000001671069,https://okcaddie.net/guide/using-locker-rooms_ja
s00000001671069,https://okcaddie.net/guide/using-locker-rooms_ja?lang=ko
s00000001671069,https://okcaddie.net/guide/using-locker-rooms_ko
s00000001671069,https://okcaddie.net/guide/using-locker-rooms_ko?lang=ko
s00000001671069,https://okcaddie.net/guide/value-for-money-golf_en
s00000001671069,https://okcaddie.net/guide/value-for-money-golf_en?lang=ko
s00000001671069,https://okcaddie.net/guide/value-for-money-golf_ja
s00000001671069,https://okcaddie.net/guide/value-for-money-golf_ja?lang=ko
s00000001671069,https://okcaddie.net/guide/value-for-money-golf_ko
s00000001671069,https://okcaddie.net/guide/value-for-money-golf_ko?lang=ko
s00000001671069,https://okcaddie.net/guide/winter-discount-packages_en
s00000001671069,https://okcaddie.net/guide/winter-discount-packages_en?lang=ko
s00000001671069,https://okcaddie.net/guide/winter-discount-packages_ja
s00000001671069,https://okcaddie.net/guide/winter-discount-packages_ja?lang=ko
s00000001671069,https://okcaddie.net/guide/winter-discount-packages_ko
s00000001671069,https://okcaddie.net/guide/winter-discount-packages_ko?lang=ko
s00000001671069,https://okcaddie.net/guide/women-friendly-golf_en
s00000001671069,https://okcaddie.net/guide/women-friendly-golf_en?lang=ko
s00000001671069,https://okcaddie.net/guide/women-friendly-golf_ja
s00000001671069,https://okcaddie.net/guide/women-friendly-golf_ja?lang=ko
s00000001671069,https://okcaddie.net/guide/women-friendly-golf_ko
s00000001671069,https://okcaddie.net/guide/women-friendly-golf_ko?lang=ko
